match_id,stage,start_time,team1,team2,match_format,game_id,game_number,score1,score2,sum_score1,sum_score2,overall_score1,overall_score2,result_score1,result_score2,last_match_id
10525,Preseason,"2017/12/6 16:00",FLA,SFS,preseason,4759,1,1,2,1,2,0,1,0,1,10525
10525,Preseason,"2017/12/6 16:00",FLA,SFS,preseason,5576,2,3,4,4,6,0,2,0,1,10525
10525,Preseason,"2017/12/6 16:00",FLA,SFS,preseason,5577,3,1,2,5,8,0,3,0,1,10525
10525,Preseason,"2017/12/6 16:00",FLA,SFS,preseason,5578,4,3,2,8,10,1,3,0,1,10525
10526,Preseason,"2017/12/6 18:00",VAL,SFS,preseason,5579,1,3,2,3,2,1,0,1,0,10526
10526,Preseason,"2017/12/6 18:00",VAL,SFS,preseason,5580,2,2,3,5,5,1,1,0,0,10526
10526,Preseason,"2017/12/6 18:00",VAL,SFS,preseason,5581,3,1,2,6,7,1,2,0,1,10526
10526,Preseason,"2017/12/6 18:00",VAL,SFS,preseason,5582,4,5,4,11,11,2,2,0,0,10526
10526,Preseason,"2017/12/6 18:00",VAL,SFS,preseason,5841,5,2,0,13,11,3,2,1,0,10526
10527,Preseason,"2017/12/6 20:30",SEO,SHD,preseason,5583,1,3,2,3,2,1,0,1,0,10527
10527,Preseason,"2017/12/6 20:30",SEO,SHD,preseason,5584,2,4,3,7,5,2,0,1,0,10527
10527,Preseason,"2017/12/6 20:30",SEO,SHD,preseason,5585,3,2,0,9,5,3,0,1,0,10527
10527,Preseason,"2017/12/6 20:30",SEO,SHD,preseason,5586,4,3,1,12,6,4,0,1,0,10527
10528,Preseason,"2017/12/7 14:00",GLA,LDN,preseason,5587,1,3,1,3,1,1,0,1,0,10528
10528,Preseason,"2017/12/7 14:00",GLA,LDN,preseason,5588,2,1,2,4,3,1,1,0,0,10528
10528,Preseason,"2017/12/7 14:00",GLA,LDN,preseason,5589,3,0,2,4,5,1,2,0,1,10528
10528,Preseason,"2017/12/7 14:00",GLA,LDN,preseason,5590,4,5,4,9,9,2,2,0,0,10528
10528,Preseason,"2017/12/7 14:00",GLA,LDN,preseason,5842,5,2,0,11,9,3,2,1,0,10528
10529,Preseason,"2017/12/7 16:00",DAL,HOU,preseason,5591,1,1,2,1,2,0,1,0,1,10529
10529,Preseason,"2017/12/7 16:00",DAL,HOU,preseason,5592,2,4,3,5,5,1,1,0,0,10529
10529,Preseason,"2017/12/7 16:00",DAL,HOU,preseason,5593,3,2,1,7,6,2,1,1,0,10529
10529,Preseason,"2017/12/7 16:00",DAL,HOU,preseason,5594,4,2,3,9,9,2,2,0,0,10529
10529,Preseason,"2017/12/7 16:00",DAL,HOU,preseason,5843,5,2,1,11,10,3,2,1,0,10529
10530,Preseason,"2017/12/7 18:20",NYE,BOS,preseason,5595,1,3,0,3,0,1,0,1,0,10530
10530,Preseason,"2017/12/7 18:20",NYE,BOS,preseason,5596,2,4,3,7,3,2,0,1,0,10530
10530,Preseason,"2017/12/7 18:20",NYE,BOS,preseason,5597,3,0,2,7,5,2,1,1,0,10530
10530,Preseason,"2017/12/7 18:20",NYE,BOS,preseason,5598,4,3,1,10,6,3,1,1,0,10530
10531,Preseason,"2017/12/8 16:00",SFS,LDN,preseason,5844,1,2,3,2,3,0,1,0,1,10531
10531,Preseason,"2017/12/8 16:00",SFS,LDN,preseason,5847,2,2,3,4,6,0,2,0,1,10531
10531,Preseason,"2017/12/8 16:00",SFS,LDN,preseason,5848,3,0,2,4,8,0,3,0,1,10531
10531,Preseason,"2017/12/8 16:00",SFS,LDN,preseason,5849,4,2,3,6,11,0,4,0,1,10531
10532,Preseason,"2017/12/8 18:00",SEO,HOU,preseason,5845,1,3,2,3,2,1,0,1,0,10532
10532,Preseason,"2017/12/8 18:00",SEO,HOU,preseason,5850,2,1,2,4,4,1,1,0,0,10532
10532,Preseason,"2017/12/8 18:00",SEO,HOU,preseason,5851,3,2,0,6,4,2,1,1,0,10532
10532,Preseason,"2017/12/8 18:00",SEO,HOU,preseason,5852,4,3,3,9,7,2,1,1,0,10532
10533,Preseason,"2017/12/8 19:35",SHD,BOS,preseason,5846,1,2,3,2,3,0,1,0,1,10533
10533,Preseason,"2017/12/8 19:35",SHD,BOS,preseason,5853,2,2,0,4,3,1,1,0,0,10533
10533,Preseason,"2017/12/8 19:35",SHD,BOS,preseason,5854,3,2,1,6,4,2,1,1,0,10533
10533,Preseason,"2017/12/8 19:35",SHD,BOS,preseason,5855,4,0,1,6,5,2,2,0,0,10533
10533,Preseason,"2017/12/8 19:35",SHD,BOS,preseason,5868,5,1,2,7,7,2,3,0,1,10533
10534,Preseason,"2017/12/9 11:00",VAL,GLA,preseason,5856,1,2,0,2,0,1,0,1,0,10534
10534,Preseason,"2017/12/9 11:00",VAL,GLA,preseason,5857,2,2,0,4,0,2,0,1,0,10534
10534,Preseason,"2017/12/9 11:00",VAL,GLA,preseason,5858,3,0,2,4,2,2,1,1,0,10534
10534,Preseason,"2017/12/9 11:00",VAL,GLA,preseason,5859,4,2,1,6,3,3,1,1,0,10534
10535,Preseason,"2017/12/9 13:00",FLA,DAL,preseason,5860,1,3,0,3,0,1,0,1,0,10535
10535,Preseason,"2017/12/9 13:00",FLA,DAL,preseason,5861,2,1,2,4,2,1,1,0,0,10535
10535,Preseason,"2017/12/9 13:00",FLA,DAL,preseason,5862,3,1,2,5,4,1,2,0,1,10535
10535,Preseason,"2017/12/9 13:00",FLA,DAL,preseason,5863,4,0,1,5,5,1,3,0,1,10535
10536,Preseason,"2017/12/9 14:15",SEO,NYE,preseason,5864,1,2,3,2,3,0,1,0,1,10536
10536,Preseason,"2017/12/9 14:15",SEO,NYE,preseason,5865,2,2,1,4,4,1,1,0,0,10536
10536,Preseason,"2017/12/9 14:15",SEO,NYE,preseason,5866,3,2,1,6,5,2,1,1,0,10536
10536,Preseason,"2017/12/9 14:15",SEO,NYE,preseason,5867,4,3,0,9,5,3,1,1,0,10536
10223,"Stage 1","2018/1/10 16:00",SFS,VAL,regular,5599,1,2,3,2,3,0,1,0,1,10223
10223,"Stage 1","2018/1/10 16:00",SFS,VAL,regular,5600,2,3,4,5,7,0,2,0,1,10223
10223,"Stage 1","2018/1/10 16:00",SFS,VAL,regular,5601,3,1,2,6,9,0,3,0,1,10223
10223,"Stage 1","2018/1/10 16:00",SFS,VAL,regular,5602,4,1,2,7,11,0,4,0,1,10223
10224,"Stage 1","2018/1/10 18:00",SHD,GLA,regular,5603,1,0,1,0,1,0,1,0,1,10224
10224,"Stage 1","2018/1/10 18:00",SHD,GLA,regular,5604,2,1,2,1,3,0,2,0,1,10224
10224,"Stage 1","2018/1/10 18:00",SHD,GLA,regular,5605,3,0,2,1,5,0,3,0,1,10224
10224,"Stage 1","2018/1/10 18:00",SHD,GLA,regular,5606,4,0,1,1,6,0,4,0,1,10224
10225,"Stage 1","2018/1/10 19:30",DAL,SEO,regular,5607,1,3,2,3,2,1,0,1,0,10225
10225,"Stage 1","2018/1/10 19:30",DAL,SEO,regular,5608,2,5,6,8,8,1,1,0,0,10225
10225,"Stage 1","2018/1/10 19:30",DAL,SEO,regular,5609,3,0,2,8,10,1,2,0,1,10225
10225,"Stage 1","2018/1/10 19:30",DAL,SEO,regular,5610,4,3,3,11,13,1,2,0,1,10225
10226,"Stage 1","2018/1/11 14:00",LDN,FLA,regular,5611,1,1,2,1,2,0,1,0,1,10226
10226,"Stage 1","2018/1/11 14:00",LDN,FLA,regular,5612,2,2,1,3,3,1,1,0,0,10226
10226,"Stage 1","2018/1/11 14:00",LDN,FLA,regular,5613,3,2,0,5,3,2,1,1,0,10226
10226,"Stage 1","2018/1/11 14:00",LDN,FLA,regular,5614,4,3,0,8,3,3,1,1,0,10226
10227,"Stage 1","2018/1/11 15:35",PHI,HOU,regular,5615,1,3,2,3,2,1,0,1,0,10227
10227,"Stage 1","2018/1/11 15:35",PHI,HOU,regular,5616,2,1,2,4,4,1,1,0,0,10227
10227,"Stage 1","2018/1/11 15:35",PHI,HOU,regular,5617,3,2,0,6,4,2,1,1,0,10227
10227,"Stage 1","2018/1/11 15:35",PHI,HOU,regular,5618,4,3,4,9,8,2,2,0,0,10227
10227,"Stage 1","2018/1/11 15:35",PHI,HOU,regular,5919,5,2,0,11,8,3,2,1,0,10227
10228,"Stage 1","2018/1/11 17:40",BOS,NYE,regular,5619,1,2,3,2,3,0,1,0,1,10228
10228,"Stage 1","2018/1/11 17:40",BOS,NYE,regular,5620,2,4,3,6,6,1,1,0,0,10228
10228,"Stage 1","2018/1/11 17:40",BOS,NYE,regular,5621,3,0,2,6,8,1,2,0,1,10228
10228,"Stage 1","2018/1/11 17:40",BOS,NYE,regular,5622,4,1,2,7,10,1,3,0,1,10228
10229,"Stage 1","2018/1/12 16:00",VAL,DAL,regular,5623,1,8,7,8,7,1,0,1,0,10229
10229,"Stage 1","2018/1/12 16:00",VAL,DAL,regular,5624,2,5,5,13,12,1,0,1,0,10229
10229,"Stage 1","2018/1/12 16:00",VAL,DAL,regular,5625,3,2,0,15,12,2,0,1,0,10229
10229,"Stage 1","2018/1/12 16:00",VAL,DAL,regular,5626,4,3,0,18,12,3,0,1,0,10229
10230,"Stage 1","2018/1/12 18:15",FLA,BOS,regular,5627,1,2,3,2,3,0,1,0,1,10230
10230,"Stage 1","2018/1/12 18:15",FLA,BOS,regular,5628,2,2,3,4,6,0,2,0,1,10230
10230,"Stage 1","2018/1/12 18:15",FLA,BOS,regular,5629,3,0,2,4,8,0,3,0,1,10230
10230,"Stage 1","2018/1/12 18:15",FLA,BOS,regular,5630,4,1,2,5,10,0,4,0,1,10230
10231,"Stage 1","2018/1/12 20:00",SFS,SHD,regular,5631,1,2,1,2,1,1,0,1,0,10231
10231,"Stage 1","2018/1/12 20:00",SFS,SHD,regular,5632,2,0,1,2,2,1,1,0,0,10231
10231,"Stage 1","2018/1/12 20:00",SFS,SHD,regular,5633,3,2,0,4,2,2,1,1,0,10231
10231,"Stage 1","2018/1/12 20:00",SFS,SHD,regular,5634,4,3,2,7,4,3,1,1,0,10231
10232,"Stage 1","2018/1/13 11:00",LDN,PHI,regular,5635,1,3,2,3,2,1,0,1,0,10232
10232,"Stage 1","2018/1/13 11:00",LDN,PHI,regular,5636,2,2,0,5,2,2,0,1,0,10232
10232,"Stage 1","2018/1/13 11:00",LDN,PHI,regular,5637,3,2,0,7,2,3,0,1,0,10232
10232,"Stage 1","2018/1/13 11:00",LDN,PHI,regular,5638,4,3,0,10,2,4,0,1,0,10232
10233,"Stage 1","2018/1/13 12:45",NYE,HOU,regular,5639,1,2,3,2,3,0,1,0,1,10233
10233,"Stage 1","2018/1/13 12:45",NYE,HOU,regular,5640,2,2,1,4,4,1,1,0,0,10233
10233,"Stage 1","2018/1/13 12:45",NYE,HOU,regular,5641,3,2,0,6,4,2,1,1,0,10233
10233,"Stage 1","2018/1/13 12:45",NYE,HOU,regular,5642,4,3,1,9,5,3,1,1,0,10233
10234,"Stage 1","2018/1/13 14:35",SEO,GLA,regular,5643,1,4,3,4,3,1,0,1,0,10234
10234,"Stage 1","2018/1/13 14:35",SEO,GLA,regular,5644,2,3,2,7,5,2,0,1,0,10234
10234,"Stage 1","2018/1/13 14:35",SEO,GLA,regular,5645,3,2,0,9,5,3,0,1,0,10234
10234,"Stage 1","2018/1/13 14:35",SEO,GLA,regular,5646,4,3,0,12,5,4,0,1,0,10234
10235,"Stage 1","2018/1/17 16:00",SFS,PHI,regular,5647,1,1,0,1,0,1,0,1,0,10235
10235,"Stage 1","2018/1/17 16:00",SFS,PHI,regular,5648,2,1,2,2,2,1,1,0,0,10235
10235,"Stage 1","2018/1/17 16:00",SFS,PHI,regular,5649,3,1,2,3,4,1,2,0,1,10235
10235,"Stage 1","2018/1/17 16:00",SFS,PHI,regular,5650,4,3,3,6,7,1,2,0,1,10235
10236,"Stage 1","2018/1/17 17:50",FLA,SEO,regular,5651,1,1,2,1,2,0,1,0,1,10236
10236,"Stage 1","2018/1/17 17:50",FLA,SEO,regular,5652,2,1,2,2,4,0,2,0,1,10236
10236,"Stage 1","2018/1/17 17:50",FLA,SEO,regular,5653,3,0,2,2,6,0,3,0,1,10236
10236,"Stage 1","2018/1/17 17:50",FLA,SEO,regular,5654,4,2,3,4,9,0,4,0,1,10236
10237,"Stage 1","2018/1/17 19:50",HOU,SHD,regular,5655,1,3,0,3,0,1,0,1,0,10237
10237,"Stage 1","2018/1/17 19:50",HOU,SHD,regular,5656,2,2,1,5,1,2,0,1,0,10237
10237,"Stage 1","2018/1/17 19:50",HOU,SHD,regular,5657,3,2,0,7,1,3,0,1,0,10237
10237,"Stage 1","2018/1/17 19:50",HOU,SHD,regular,5658,4,3,1,10,2,4,0,1,0,10237
10238,"Stage 1","2018/1/18 14:00",DAL,HOU,regular,5659,1,0,1,0,1,0,1,0,1,10238
10238,"Stage 1","2018/1/18 14:00",DAL,HOU,regular,5660,2,1,2,1,3,0,2,0,1,10238
10238,"Stage 1","2018/1/18 14:00",DAL,HOU,regular,5661,3,0,2,1,5,0,3,0,1,10238
10238,"Stage 1","2018/1/18 14:00",DAL,HOU,regular,5662,4,1,2,2,7,0,4,0,1,10238
10239,"Stage 1","2018/1/18 15:30",NYE,VAL,regular,5663,1,3,1,3,1,1,0,1,0,10239
10239,"Stage 1","2018/1/18 15:30",NYE,VAL,regular,5664,2,1,0,4,1,2,0,1,0,10239
10239,"Stage 1","2018/1/18 15:30",NYE,VAL,regular,5665,3,2,1,6,2,3,0,1,0,10239
10239,"Stage 1","2018/1/18 15:30",NYE,VAL,regular,5666,4,3,3,9,5,3,0,1,0,10239
10240,"Stage 1","2018/1/18 17:55",PHI,GLA,regular,5667,1,2,1,2,1,1,0,1,0,10240
10240,"Stage 1","2018/1/18 17:55",PHI,GLA,regular,5668,2,3,2,5,3,2,0,1,0,10240
10240,"Stage 1","2018/1/18 17:55",PHI,GLA,regular,5669,3,1,2,6,5,2,1,1,0,10240
10240,"Stage 1","2018/1/18 17:55",PHI,GLA,regular,5670,4,2,3,8,8,2,2,0,0,10240
10240,"Stage 1","2018/1/18 17:55",PHI,GLA,regular,6192,5,0,2,8,10,2,3,0,1,10240
10241,"Stage 1","2018/1/19 16:00",SEO,BOS,regular,5671,1,3,2,3,2,1,0,1,0,10241
10241,"Stage 1","2018/1/19 16:00",SEO,BOS,regular,5672,2,2,1,5,3,2,0,1,0,10241
10241,"Stage 1","2018/1/19 16:00",SEO,BOS,regular,5673,3,2,0,7,3,3,0,1,0,10241
10241,"Stage 1","2018/1/19 16:00",SEO,BOS,regular,5674,4,3,2,10,5,4,0,1,0,10241
10242,"Stage 1","2018/1/19 17:45",SHD,FLA,regular,5675,1,1,2,1,2,0,1,0,1,10242
10242,"Stage 1","2018/1/19 17:45",SHD,FLA,regular,5676,2,1,2,2,4,0,2,0,1,10242
10242,"Stage 1","2018/1/19 17:45",SHD,FLA,regular,5677,3,0,2,2,6,0,3,0,1,10242
10242,"Stage 1","2018/1/19 17:45",SHD,FLA,regular,5678,4,2,3,4,9,0,4,0,1,10242
10243,"Stage 1","2018/1/19 19:35",LDN,DAL,regular,5679,1,3,2,3,2,1,0,1,0,10243
10243,"Stage 1","2018/1/19 19:35",LDN,DAL,regular,5680,2,2,0,5,2,2,0,1,0,10243
10243,"Stage 1","2018/1/19 19:35",LDN,DAL,regular,5681,3,0,2,5,4,2,1,1,0,10243
10243,"Stage 1","2018/1/19 19:35",LDN,DAL,regular,5682,4,4,3,9,7,3,1,1,0,10243
10244,"Stage 1","2018/1/20 11:00",VAL,LDN,regular,5683,1,1,2,1,2,0,1,0,1,10244
10244,"Stage 1","2018/1/20 11:00",VAL,LDN,regular,5684,2,2,3,3,5,0,2,0,1,10244
10244,"Stage 1","2018/1/20 11:00",VAL,LDN,regular,5685,3,2,0,5,5,1,2,0,1,10244
10244,"Stage 1","2018/1/20 11:00",VAL,LDN,regular,5686,4,3,1,8,6,2,2,0,0,10244
10244,"Stage 1","2018/1/20 11:00",VAL,LDN,regular,6308,5,0,2,8,8,2,3,0,1,10244
10245,"Stage 1","2018/1/20 13:10",GLA,NYE,regular,5687,1,0,1,0,1,0,1,0,1,10245
10245,"Stage 1","2018/1/20 13:10",GLA,NYE,regular,5688,2,1,2,1,3,0,2,0,1,10245
10245,"Stage 1","2018/1/20 13:10",GLA,NYE,regular,5689,3,0,2,1,5,0,3,0,1,10245
10245,"Stage 1","2018/1/20 13:10",GLA,NYE,regular,5690,4,1,2,2,7,0,4,0,1,10245
10246,"Stage 1","2018/1/20 14:55",BOS,SFS,regular,5691,1,2,3,2,3,0,1,0,1,10246
10246,"Stage 1","2018/1/20 14:55",BOS,SFS,regular,5692,2,2,0,4,3,1,1,0,0,10246
10246,"Stage 1","2018/1/20 14:55",BOS,SFS,regular,5693,3,0,2,4,5,1,2,0,1,10246
10246,"Stage 1","2018/1/20 14:55",BOS,SFS,regular,5694,4,3,1,7,6,2,2,0,0,10246
10246,"Stage 1","2018/1/20 14:55",BOS,SFS,regular,6315,5,1,2,8,8,2,3,0,1,10246
10247,"Stage 1","2018/1/24 16:00",SFS,LDN,regular,5695,1,0,1,0,1,0,1,0,1,10247
10247,"Stage 1","2018/1/24 16:00",SFS,LDN,regular,5696,2,0,1,0,2,0,2,0,1,10247
10247,"Stage 1","2018/1/24 16:00",SFS,LDN,regular,5697,3,2,1,2,3,1,2,0,1,10247
10247,"Stage 1","2018/1/24 16:00",SFS,LDN,regular,5698,4,1,2,3,5,1,3,0,1,10247
10248,"Stage 1","2018/1/24 18:00",SHD,SEO,regular,5699,1,2,3,2,3,0,1,0,1,10248
10248,"Stage 1","2018/1/24 18:00",SHD,SEO,regular,5700,2,1,2,3,5,0,2,0,1,10248
10248,"Stage 1","2018/1/24 18:00",SHD,SEO,regular,5701,3,1,2,4,7,0,3,0,1,10248
10248,"Stage 1","2018/1/24 18:00",SHD,SEO,regular,5702,4,2,1,6,8,1,3,0,1,10248
10249,"Stage 1","2018/1/24 19:55",GLA,VAL,regular,5703,1,3,1,3,1,1,0,1,0,10249
10249,"Stage 1","2018/1/24 19:55",GLA,VAL,regular,5704,2,2,0,5,1,2,0,1,0,10249
10249,"Stage 1","2018/1/24 19:55",GLA,VAL,regular,5705,3,1,2,6,3,2,1,1,0,10249
10249,"Stage 1","2018/1/24 19:55",GLA,VAL,regular,5706,4,3,4,9,7,2,2,0,0,10249
10249,"Stage 1","2018/1/24 19:55",GLA,VAL,regular,6418,5,1,2,10,9,2,3,0,1,10249
10250,"Stage 1","2018/1/25 14:00",BOS,LDN,regular,5707,1,4,5,4,5,0,1,0,1,10250
10250,"Stage 1","2018/1/25 14:00",BOS,LDN,regular,5708,2,3,2,7,7,1,1,0,0,10250
10250,"Stage 1","2018/1/25 14:00",BOS,LDN,regular,5709,3,2,1,9,8,2,1,1,0,10250
10250,"Stage 1","2018/1/25 14:00",BOS,LDN,regular,5710,4,2,3,11,11,2,2,0,0,10250
10250,"Stage 1","2018/1/25 14:00",BOS,LDN,regular,6424,5,2,0,13,11,3,2,1,0,10250
10251,"Stage 1","2018/1/25 16:25",PHI,NYE,regular,5711,1,1,2,1,2,0,1,0,1,10251
10251,"Stage 1","2018/1/25 16:25",PHI,NYE,regular,5712,2,2,1,3,3,1,1,0,0,10251
10251,"Stage 1","2018/1/25 16:25",PHI,NYE,regular,5713,3,1,2,4,5,1,2,0,1,10251
10251,"Stage 1","2018/1/25 16:25",PHI,NYE,regular,5714,4,2,1,6,6,2,2,0,0,10251
10251,"Stage 1","2018/1/25 16:25",PHI,NYE,regular,6441,5,2,0,8,6,3,2,1,0,10251
10252,"Stage 1","2018/1/25 18:40",HOU,FLA,regular,5715,1,2,1,2,1,1,0,1,0,10252
10252,"Stage 1","2018/1/25 18:40",HOU,FLA,regular,5716,2,2,0,4,1,2,0,1,0,10252
10252,"Stage 1","2018/1/25 18:40",HOU,FLA,regular,5717,3,2,0,6,1,3,0,1,0,10252
10252,"Stage 1","2018/1/25 18:40",HOU,FLA,regular,5718,4,3,0,9,1,4,0,1,0,10252
10253,"Stage 1","2018/1/26 16:00",SEO,NYE,regular,5719,1,1,2,1,2,0,1,0,1,10253
10253,"Stage 1","2018/1/26 16:00",SEO,NYE,regular,5720,2,5,4,6,6,1,1,0,0,10253
10253,"Stage 1","2018/1/26 16:00",SEO,NYE,regular,5721,3,1,2,7,8,1,2,0,1,10253
10253,"Stage 1","2018/1/26 16:00",SEO,NYE,regular,5722,4,1,0,8,8,2,2,0,0,10253
10253,"Stage 1","2018/1/26 16:00",SEO,NYE,regular,6779,5,0,2,8,10,2,3,0,1,10253
10254,"Stage 1","2018/1/26 18:15",SHD,PHI,regular,5723,1,0,1,0,1,0,1,0,1,10254
10254,"Stage 1","2018/1/26 18:15",SHD,PHI,regular,5724,2,2,3,2,4,0,2,0,1,10254
10254,"Stage 1","2018/1/26 18:15",SHD,PHI,regular,5725,3,2,1,4,5,1,2,0,1,10254
10254,"Stage 1","2018/1/26 18:15",SHD,PHI,regular,5726,4,3,2,7,7,2,2,0,0,10254
10254,"Stage 1","2018/1/26 18:15",SHD,PHI,regular,6784,5,0,2,7,9,2,3,0,1,10254
10255,"Stage 1","2018/1/26 20:30",DAL,SFS,regular,5727,1,3,3,3,3,0,0,0,0,10255
10255,"Stage 1","2018/1/26 20:30",DAL,SFS,regular,5728,2,3,2,6,5,1,0,1,0,10255
10255,"Stage 1","2018/1/26 20:30",DAL,SFS,regular,5729,3,2,0,8,5,2,0,1,0,10255
10255,"Stage 1","2018/1/26 20:30",DAL,SFS,regular,5730,4,3,1,11,6,3,0,1,0,10255
10256,"Stage 1","2018/1/27 11:00",DAL,BOS,regular,5731,1,6,4,6,4,1,0,1,0,10256
10256,"Stage 1","2018/1/27 11:00",DAL,BOS,regular,5732,2,2,3,8,7,1,1,0,0,10256
10256,"Stage 1","2018/1/27 11:00",DAL,BOS,regular,5733,3,1,2,9,9,1,2,0,1,10256
10256,"Stage 1","2018/1/27 11:00",DAL,BOS,regular,5734,4,3,0,12,9,2,2,0,0,10256
10256,"Stage 1","2018/1/27 11:00",DAL,BOS,regular,6855,5,0,2,12,11,2,3,0,1,10256
10257,"Stage 1","2018/1/27 13:15",VAL,FLA,regular,5735,1,3,2,3,2,1,0,1,0,10257
10257,"Stage 1","2018/1/27 13:15",VAL,FLA,regular,5736,2,2,0,5,2,2,0,1,0,10257
10257,"Stage 1","2018/1/27 13:15",VAL,FLA,regular,5737,3,2,0,7,2,3,0,1,0,10257
10257,"Stage 1","2018/1/27 13:15",VAL,FLA,regular,5738,4,2,3,9,5,3,1,1,0,10257
10258,"Stage 1","2018/1/27 15:00",GLA,HOU,regular,5739,1,3,4,3,4,0,1,0,1,10258
10258,"Stage 1","2018/1/27 15:00",GLA,HOU,regular,5740,2,0,1,3,5,0,2,0,1,10258
10258,"Stage 1","2018/1/27 15:00",GLA,HOU,regular,5741,3,0,2,3,7,0,3,0,1,10258
10258,"Stage 1","2018/1/27 15:00",GLA,HOU,regular,5742,4,0,1,3,8,0,4,0,1,10258
10259,"Stage 1","2018/1/31 16:00",VAL,PHI,regular,5743,1,3,2,3,2,1,0,1,0,10259
10259,"Stage 1","2018/1/31 16:00",VAL,PHI,regular,5744,2,5,4,8,6,2,0,1,0,10259
10259,"Stage 1","2018/1/31 16:00",VAL,PHI,regular,5745,3,2,0,10,6,3,0,1,0,10259
10259,"Stage 1","2018/1/31 16:00",VAL,PHI,regular,5746,4,3,2,13,8,4,0,1,0,10259
10260,"Stage 1","2018/1/31 18:00",FLA,GLA,regular,5747,1,1,2,1,2,0,1,0,1,10260
10260,"Stage 1","2018/1/31 18:00",FLA,GLA,regular,5748,2,0,1,1,3,0,2,0,1,10260
10260,"Stage 1","2018/1/31 18:00",FLA,GLA,regular,5749,3,1,2,2,5,0,3,0,1,10260
10260,"Stage 1","2018/1/31 18:00",FLA,GLA,regular,5750,4,3,2,5,7,1,3,0,1,10260
10261,"Stage 1","2018/1/31 20:00",HOU,SFS,regular,5751,1,3,2,3,2,1,0,1,0,10261
10261,"Stage 1","2018/1/31 20:00",HOU,SFS,regular,5752,2,2,1,5,3,2,0,1,0,10261
10261,"Stage 1","2018/1/31 20:00",HOU,SFS,regular,5753,3,1,2,6,5,2,1,1,0,10261
10261,"Stage 1","2018/1/31 20:00",HOU,SFS,regular,5754,4,2,0,8,5,3,1,1,0,10261
10262,"Stage 1","2018/2/1 14:00",PHI,DAL,regular,5755,1,1,0,1,0,1,0,1,0,10262
10262,"Stage 1","2018/2/1 14:00",PHI,DAL,regular,5756,2,3,2,4,2,2,0,1,0,10262
10262,"Stage 1","2018/2/1 14:00",PHI,DAL,regular,5757,3,2,0,6,2,3,0,1,0,10262
10262,"Stage 1","2018/2/1 14:00",PHI,DAL,regular,5758,4,3,2,9,4,4,0,1,0,10262
10263,"Stage 1","2018/2/1 15:55",NYE,SHD,regular,5759,1,3,1,3,1,1,0,1,0,10263
10263,"Stage 1","2018/2/1 15:55",NYE,SHD,regular,5760,2,2,1,5,2,2,0,1,0,10263
10263,"Stage 1","2018/2/1 15:55",NYE,SHD,regular,5761,3,2,1,7,3,3,0,1,0,10263
10263,"Stage 1","2018/2/1 15:55",NYE,SHD,regular,5762,4,3,0,10,3,4,0,1,0,10263
10264,"Stage 1","2018/2/1 17:50",LDN,SEO,regular,5763,1,2,0,2,0,1,0,1,0,10264
10264,"Stage 1","2018/2/1 17:50",LDN,SEO,regular,5764,2,2,0,4,0,2,0,1,0,10264
10264,"Stage 1","2018/2/1 17:50",LDN,SEO,regular,5765,3,2,0,6,0,3,0,1,0,10264
10264,"Stage 1","2018/2/1 17:50",LDN,SEO,regular,5766,4,3,2,9,2,4,0,1,0,10264
10573,"Stage 1","2018/2/10 11:00",NYE,LDN,regular,5827,1,2,3,2,3,0,1,0,1,10573
10573,"Stage 1","2018/2/10 11:00",NYE,LDN,regular,5828,2,2,1,4,4,1,1,0,0,10573
10573,"Stage 1","2018/2/10 11:00",NYE,LDN,regular,5829,3,2,0,6,4,2,1,1,0,10573
10573,"Stage 1","2018/2/10 11:00",NYE,LDN,regular,5830,4,2,3,8,7,2,2,0,0,10573
10573,"Stage 1","2018/2/10 11:00",NYE,LDN,regular,7123,5,2,0,10,7,3,2,1,0,10573
10574,"Stage 1","2018/2/10 13:15",HOU,BOS,regular,5831,1,3,2,3,2,1,0,1,0,10574
10574,"Stage 1","2018/2/10 13:15",HOU,BOS,regular,5832,2,1,2,4,4,1,1,0,0,10574
10574,"Stage 1","2018/2/10 13:15",HOU,BOS,regular,5833,3,0,2,4,6,1,2,0,1,10574
10574,"Stage 1","2018/2/10 13:15",HOU,BOS,regular,5834,4,3,2,7,8,2,2,0,0,10574
10574,"Stage 1","2018/2/10 13:15",HOU,BOS,regular,7127,5,2,1,9,9,3,2,1,0,10574
10575,"Stage 1","2018/2/10 15:40",FLA,PHI,regular,5835,1,2,3,2,3,0,1,0,1,10575
10575,"Stage 1","2018/2/10 15:40",FLA,PHI,regular,5836,2,2,1,4,4,1,1,0,0,10575
10575,"Stage 1","2018/2/10 15:40",FLA,PHI,regular,5837,3,2,0,6,4,2,1,1,0,10575
10575,"Stage 1","2018/2/10 15:40",FLA,PHI,regular,5838,4,1,2,7,6,2,2,0,0,10575
10575,"Stage 1","2018/2/10 15:40",FLA,PHI,regular,7131,5,1,2,8,8,2,3,0,1,10575
10537,"Stage 1 - Title Matches","2018/2/10 17:55",LDN,HOU,title,7062,1,1,2,1,2,0,1,0,1,10537
10537,"Stage 1 - Title Matches","2018/2/10 17:55",LDN,HOU,title,7063,2,2,0,3,2,1,1,0,0,10537
10537,"Stage 1 - Title Matches","2018/2/10 17:55",LDN,HOU,title,7064,3,2,0,5,2,2,1,1,0,10537
10537,"Stage 1 - Title Matches","2018/2/10 17:55",LDN,HOU,title,7065,4,1,0,6,2,3,1,1,0,10537
10539,"Stage 1 - Title Matches","2018/2/10 19:40",LDN,NYE,title,7067,1,3,4,3,4,0,1,0,1,10539
10539,"Stage 1 - Title Matches","2018/2/10 19:40",LDN,NYE,title,7068,2,0,2,3,6,0,2,0,1,10539
10539,"Stage 1 - Title Matches","2018/2/10 19:40",LDN,NYE,title,7069,3,3,2,6,8,1,2,0,1,10539
10539,"Stage 1 - Title Matches","2018/2/10 19:40",LDN,NYE,title,7070,4,1,0,7,8,2,2,0,0,10539
10539,"Stage 1 - Title Matches","2018/2/10 19:40",LDN,NYE,title,7071,5,2,1,9,9,3,2,1,0,10539
10265,"Stage 1","2018/2/2 16:00",SFS,FLA,regular,5767,1,4,3,4,3,1,0,1,0,10265
10265,"Stage 1","2018/2/2 16:00",SFS,FLA,regular,5768,2,2,1,6,4,2,0,1,0,10265
10265,"Stage 1","2018/2/2 16:00",SFS,FLA,regular,5769,3,2,0,8,4,3,0,1,0,10265
10265,"Stage 1","2018/2/2 16:00",SFS,FLA,regular,5770,4,3,2,11,6,4,0,1,0,10265
10266,"Stage 1","2018/2/2 17:50",SEO,HOU,regular,5771,1,2,3,2,3,0,1,0,1,10266
10266,"Stage 1","2018/2/2 17:50",SEO,HOU,regular,5772,2,2,1,4,4,1,1,0,0,10266
10266,"Stage 1","2018/2/2 17:50",SEO,HOU,regular,5773,3,2,0,6,4,2,1,1,0,10266
10266,"Stage 1","2018/2/2 17:50",SEO,HOU,regular,5774,4,2,3,8,7,2,2,0,0,10266
10266,"Stage 1","2018/2/2 17:50",SEO,HOU,regular,6970,5,2,1,10,8,3,2,1,0,10266
10267,"Stage 1","2018/2/2 20:10",GLA,BOS,regular,5775,1,1,2,1,2,0,1,0,1,10267
10267,"Stage 1","2018/2/2 20:10",GLA,BOS,regular,5776,2,1,2,2,4,0,2,0,1,10267
10267,"Stage 1","2018/2/2 20:10",GLA,BOS,regular,5777,3,0,2,2,6,0,3,0,1,10267
10267,"Stage 1","2018/2/2 20:10",GLA,BOS,regular,5778,4,2,3,4,9,0,4,0,1,10267
10278,"Stage 2","2018/2/21 16:00",SEO,VAL,regular,5942,1,2,0,2,0,1,0,1,0,10278
10278,"Stage 2","2018/2/21 16:00",SEO,VAL,regular,5943,2,2,0,4,0,2,0,1,0,10278
10278,"Stage 2","2018/2/21 16:00",SEO,VAL,regular,6927,3,3,2,7,2,3,0,1,0,10278
10278,"Stage 2","2018/2/21 16:00",SEO,VAL,regular,5944,4,2,0,9,2,4,0,1,0,10278
10279,"Stage 2","2018/2/21 17:45",DAL,SHD,regular,5945,1,2,0,2,0,1,0,1,0,10279
10279,"Stage 2","2018/2/21 17:45",DAL,SHD,regular,5946,2,2,0,4,0,2,0,1,0,10279
10279,"Stage 2","2018/2/21 17:45",DAL,SHD,regular,5947,3,3,4,7,4,2,1,1,0,10279
10279,"Stage 2","2018/2/21 17:45",DAL,SHD,regular,5948,4,3,1,10,5,3,1,1,0,10279
10280,"Stage 2","2018/2/21 19:40",GLA,SFS,regular,5949,1,4,3,4,3,1,0,1,0,10280
10280,"Stage 2","2018/2/21 19:40",GLA,SFS,regular,5950,2,2,1,6,4,2,0,1,0,10280
10280,"Stage 2","2018/2/21 19:40",GLA,SFS,regular,6928,3,3,1,9,5,3,0,1,0,10280
10280,"Stage 2","2018/2/21 19:40",GLA,SFS,regular,5951,4,2,1,11,6,4,0,1,0,10280
10281,"Stage 2","2018/2/22 16:00",HOU,LDN,regular,5952,1,3,4,3,4,0,1,0,1,10281
10281,"Stage 2","2018/2/22 16:00",HOU,LDN,regular,5953,2,2,1,5,5,1,1,0,0,10281
10281,"Stage 2","2018/2/22 16:00",HOU,LDN,regular,6929,3,4,3,9,8,2,1,1,0,10281
10281,"Stage 2","2018/2/22 16:00",HOU,LDN,regular,5954,4,1,2,10,10,2,2,0,0,10281
10281,"Stage 2","2018/2/22 16:00",HOU,LDN,regular,7329,5,2,0,12,10,3,2,1,0,10281
10282,"Stage 2","2018/2/22 18:15",NYE,FLA,regular,5955,1,5,4,5,4,1,0,1,0,10282
10282,"Stage 2","2018/2/22 18:15",NYE,FLA,regular,5956,2,1,2,6,6,1,1,0,0,10282
10282,"Stage 2","2018/2/22 18:15",NYE,FLA,regular,6930,3,3,2,9,8,2,1,1,0,10282
10282,"Stage 2","2018/2/22 18:15",NYE,FLA,regular,5957,4,3,1,12,9,3,1,1,0,10282
10283,"Stage 2","2018/2/22 20:35",BOS,PHI,regular,5958,1,1,2,1,2,0,1,0,1,10283
10283,"Stage 2","2018/2/22 20:35",BOS,PHI,regular,5959,2,1,2,2,4,0,2,0,1,10283
10283,"Stage 2","2018/2/22 20:35",BOS,PHI,regular,5960,3,3,4,5,8,0,3,0,1,10283
10283,"Stage 2","2018/2/22 20:35",BOS,PHI,regular,5961,4,4,5,9,13,0,4,0,1,10283
10284,"Stage 2","2018/2/23 16:00",LDN,NYE,regular,5962,1,2,0,2,0,1,0,1,0,10284
10284,"Stage 2","2018/2/23 16:00",LDN,NYE,regular,5963,2,0,2,2,2,1,1,0,0,10284
10284,"Stage 2","2018/2/23 16:00",LDN,NYE,regular,6931,3,1,2,3,4,1,2,0,1,10284
10284,"Stage 2","2018/2/23 16:00",LDN,NYE,regular,5964,4,3,2,6,6,2,2,0,0,10284
10284,"Stage 2","2018/2/23 16:00",LDN,NYE,regular,7354,5,2,0,8,6,3,2,1,0,10284
10285,"Stage 2","2018/2/23 18:00",DAL,GLA,regular,5965,1,2,1,2,1,1,0,1,0,10285
10285,"Stage 2","2018/2/23 18:00",DAL,GLA,regular,5966,2,1,2,3,3,1,1,0,0,10285
10285,"Stage 2","2018/2/23 18:00",DAL,GLA,regular,6932,3,4,3,7,6,2,1,1,0,10285
10285,"Stage 2","2018/2/23 18:00",DAL,GLA,regular,5967,4,3,0,10,6,3,1,1,0,10285
10286,"Stage 2","2018/2/23 20:10",SFS,SEO,regular,5968,1,2,1,2,1,1,0,1,0,10286
10286,"Stage 2","2018/2/23 20:10",SFS,SEO,regular,5969,2,1,2,3,3,1,1,0,0,10286
10286,"Stage 2","2018/2/23 20:10",SFS,SEO,regular,5970,3,2,3,5,6,1,2,0,1,10286
10286,"Stage 2","2018/2/23 20:10",SFS,SEO,regular,5971,4,2,3,7,9,1,3,0,1,10286
10287,"Stage 2","2018/2/24 13:00",PHI,FLA,regular,5972,1,2,0,2,0,1,0,1,0,10287
10287,"Stage 2","2018/2/24 13:00",PHI,FLA,regular,5973,2,2,0,4,0,2,0,1,0,10287
10287,"Stage 2","2018/2/24 13:00",PHI,FLA,regular,5974,3,3,0,7,0,3,0,1,0,10287
10287,"Stage 2","2018/2/24 13:00",PHI,FLA,regular,5975,4,3,1,10,1,4,0,1,0,10287
10288,"Stage 2","2018/2/24 14:40",BOS,HOU,regular,5976,1,3,4,3,4,0,1,0,1,10288
10288,"Stage 2","2018/2/24 14:40",BOS,HOU,regular,5977,2,0,2,3,6,0,2,0,1,10288
10288,"Stage 2","2018/2/24 14:40",BOS,HOU,regular,6933,3,4,5,7,11,0,3,0,1,10288
10288,"Stage 2","2018/2/24 14:40",BOS,HOU,regular,5978,4,0,1,7,12,0,4,0,1,10288
10289,"Stage 2","2018/2/24 16:45",SHD,VAL,regular,5979,1,3,3,3,3,0,0,0,0,10289
10289,"Stage 2","2018/2/24 16:45",SHD,VAL,regular,5980,2,1,2,4,5,0,1,0,1,10289
10289,"Stage 2","2018/2/24 16:45",SHD,VAL,regular,6934,3,2,3,6,8,0,2,0,1,10289
10289,"Stage 2","2018/2/24 16:45",SHD,VAL,regular,5981,4,0,1,6,9,0,3,0,1,10289
10290,"Stage 2","2018/2/28 16:00",SEO,DAL,regular,5982,1,4,3,4,3,1,0,1,0,10290
10290,"Stage 2","2018/2/28 16:00",SEO,DAL,regular,5983,2,2,1,6,4,2,0,1,0,10290
10290,"Stage 2","2018/2/28 16:00",SEO,DAL,regular,5984,3,2,3,8,7,2,1,1,0,10290
10290,"Stage 2","2018/2/28 16:00",SEO,DAL,regular,5985,4,3,2,11,9,3,1,1,0,10290
10291,"Stage 2","2018/2/28 18:00",VAL,SFS,regular,5986,1,2,3,2,3,0,1,0,1,10291
10291,"Stage 2","2018/2/28 18:00",VAL,SFS,regular,5987,2,2,0,4,3,1,1,0,0,10291
10291,"Stage 2","2018/2/28 18:00",VAL,SFS,regular,6935,3,4,3,8,6,2,1,1,0,10291
10291,"Stage 2","2018/2/28 18:00",VAL,SFS,regular,5988,4,5,4,13,10,3,1,1,0,10291
10292,"Stage 2","2018/2/28 20:10",GLA,SHD,regular,5989,1,2,0,2,0,1,0,1,0,10292
10292,"Stage 2","2018/2/28 20:10",GLA,SHD,regular,5990,2,2,0,4,0,2,0,1,0,10292
10292,"Stage 2","2018/2/28 20:10",GLA,SHD,regular,6936,3,3,2,7,2,3,0,1,0,10292
10292,"Stage 2","2018/2/28 20:10",GLA,SHD,regular,5991,4,3,0,10,2,4,0,1,0,10292
10268,"Stage 1","2018/2/3 11:00",SHD,LDN,regular,5779,1,0,1,0,1,0,1,0,1,10268
10268,"Stage 1","2018/2/3 11:00",SHD,LDN,regular,5780,2,0,1,0,2,0,2,0,1,10268
10268,"Stage 1","2018/2/3 11:00",SHD,LDN,regular,5781,3,0,2,0,4,0,3,0,1,10268
10268,"Stage 1","2018/2/3 11:00",SHD,LDN,regular,5782,4,0,1,0,5,0,4,0,1,10268
10269,"Stage 1","2018/2/3 12:25",DAL,NYE,regular,5783,1,0,1,0,1,0,1,0,1,10269
10269,"Stage 1","2018/2/3 12:25",DAL,NYE,regular,5784,2,4,6,4,7,0,2,0,1,10269
10269,"Stage 1","2018/2/3 12:25",DAL,NYE,regular,5785,3,2,1,6,8,1,2,0,1,10269
10269,"Stage 1","2018/2/3 12:25",DAL,NYE,regular,5786,4,1,2,7,10,1,3,0,1,10269
10270,"Stage 1","2018/2/3 14:40",BOS,VAL,regular,5787,1,6,4,6,4,1,0,1,0,10270
10270,"Stage 1","2018/2/3 14:40",BOS,VAL,regular,5788,2,2,1,8,5,2,0,1,0,10270
10270,"Stage 1","2018/2/3 14:40",BOS,VAL,regular,5789,3,2,0,10,5,3,0,1,0,10270
10270,"Stage 1","2018/2/3 14:40",BOS,VAL,regular,5790,4,3,1,13,6,4,0,1,0,10270
10564,"Stage 1","2018/2/7 16:00",SHD,DAL,regular,5791,1,4,3,4,3,1,0,1,0,10564
10564,"Stage 1","2018/2/7 16:00",SHD,DAL,regular,5792,2,2,3,6,6,1,1,0,0,10564
10564,"Stage 1","2018/2/7 16:00",SHD,DAL,regular,5793,3,0,2,6,8,1,2,0,1,10564
10564,"Stage 1","2018/2/7 16:00",SHD,DAL,regular,5794,4,4,3,10,11,2,2,0,0,10564
10564,"Stage 1","2018/2/7 16:00",SHD,DAL,regular,7072,5,1,2,11,13,2,3,0,1,10564
10565,"Stage 1","2018/2/7 18:35",SFS,GLA,regular,5795,1,3,2,3,2,1,0,1,0,10565
10565,"Stage 1","2018/2/7 18:35",SFS,GLA,regular,5796,2,0,1,3,3,1,1,0,0,10565
10565,"Stage 1","2018/2/7 18:35",SFS,GLA,regular,5797,3,0,2,3,5,1,2,0,1,10565
10565,"Stage 1","2018/2/7 18:35",SFS,GLA,regular,5798,4,2,3,5,8,1,3,0,1,10565
10566,"Stage 1","2018/2/7 20:25",VAL,SEO,regular,5799,1,3,1,3,1,1,0,1,0,10566
10566,"Stage 1","2018/2/7 20:25",VAL,SEO,regular,5800,2,3,3,6,4,1,0,1,0,10566
10566,"Stage 1","2018/2/7 20:25",VAL,SEO,regular,5801,3,2,0,8,4,2,0,1,0,10566
10566,"Stage 1","2018/2/7 20:25",VAL,SEO,regular,5802,4,3,2,11,6,3,0,1,0,10566
10567,"Stage 1","2018/2/8 14:00",PHI,BOS,regular,5803,1,0,1,0,1,0,1,0,1,10567
10567,"Stage 1","2018/2/8 14:00",PHI,BOS,regular,5804,2,3,4,3,5,0,2,0,1,10567
10567,"Stage 1","2018/2/8 14:00",PHI,BOS,regular,5805,3,0,2,3,7,0,3,0,1,10567
10567,"Stage 1","2018/2/8 14:00",PHI,BOS,regular,5806,4,3,4,6,11,0,4,0,1,10567
10568,"Stage 1","2018/2/8 15:50",FLA,NYE,regular,5807,1,1,2,1,2,0,1,0,1,10568
10568,"Stage 1","2018/2/8 15:50",FLA,NYE,regular,5808,2,2,2,3,4,0,1,0,1,10568
10568,"Stage 1","2018/2/8 15:50",FLA,NYE,regular,5809,3,0,2,3,6,0,2,0,1,10568
10568,"Stage 1","2018/2/8 15:50",FLA,NYE,regular,5810,4,2,3,5,9,0,3,0,1,10568
10569,"Stage 1","2018/2/8 17:55",LDN,HOU,regular,5811,1,1,2,1,2,0,1,0,1,10569
10569,"Stage 1","2018/2/8 17:55",LDN,HOU,regular,5812,2,1,2,2,4,0,2,0,1,10569
10569,"Stage 1","2018/2/8 17:55",LDN,HOU,regular,5813,3,0,2,2,6,0,3,0,1,10569
10569,"Stage 1","2018/2/8 17:55",LDN,HOU,regular,5814,4,2,1,4,7,1,3,0,1,10569
10570,"Stage 1","2018/2/9 16:00",GLA,DAL,regular,5815,1,0,1,0,1,0,1,0,1,10570
10570,"Stage 1","2018/2/9 16:00",GLA,DAL,regular,5816,2,2,3,2,4,0,2,0,1,10570
10570,"Stage 1","2018/2/9 16:00",GLA,DAL,regular,5817,3,0,2,2,6,0,3,0,1,10570
10570,"Stage 1","2018/2/9 16:00",GLA,DAL,regular,5818,4,3,0,5,6,1,3,0,1,10570
10571,"Stage 1","2018/2/9 17:40",SEO,SFS,regular,5819,1,4,3,4,3,1,0,1,0,10571
10571,"Stage 1","2018/2/9 17:40",SEO,SFS,regular,5820,2,0,1,4,4,1,1,0,0,10571
10571,"Stage 1","2018/2/9 17:40",SEO,SFS,regular,5821,3,1,2,5,6,1,2,0,1,10571
10571,"Stage 1","2018/2/9 17:40",SEO,SFS,regular,5822,4,3,2,8,8,2,2,0,0,10571
10571,"Stage 1","2018/2/9 17:40",SEO,SFS,regular,7094,5,2,0,10,8,3,2,1,0,10571
10572,"Stage 1","2018/2/9 20:00",VAL,SHD,regular,5823,1,5,3,5,3,1,0,1,0,10572
10572,"Stage 1","2018/2/9 20:00",VAL,SHD,regular,5824,2,2,1,7,4,2,0,1,0,10572
10572,"Stage 1","2018/2/9 20:00",VAL,SHD,regular,5825,3,2,0,9,4,3,0,1,0,10572
10572,"Stage 1","2018/2/9 20:00",VAL,SHD,regular,5826,4,3,0,12,4,4,0,1,0,10572
10293,"Stage 2","2018/3/1 16:00",FLA,LDN,regular,5992,1,4,3,4,3,1,0,1,0,10293
10293,"Stage 2","2018/3/1 16:00",FLA,LDN,regular,5993,2,0,2,4,5,1,1,0,0,10293
10293,"Stage 2","2018/3/1 16:00",FLA,LDN,regular,6937,3,0,1,4,6,1,2,0,1,10293
10293,"Stage 2","2018/3/1 16:00",FLA,LDN,regular,5994,4,2,3,6,9,1,3,0,1,10293
10294,"Stage 2","2018/3/1 17:45",HOU,PHI,regular,5995,1,3,2,3,2,1,0,1,0,10294
10294,"Stage 2","2018/3/1 17:45",HOU,PHI,regular,5996,2,2,0,5,2,2,0,1,0,10294
10294,"Stage 2","2018/3/1 17:45",HOU,PHI,regular,5997,3,1,2,6,4,2,1,1,0,10294
10294,"Stage 2","2018/3/1 17:45",HOU,PHI,regular,5998,4,0,1,6,5,2,2,0,0,10294
10294,"Stage 2","2018/3/1 17:45",HOU,PHI,regular,7530,5,1,2,7,7,2,3,0,1,10294
10295,"Stage 2","2018/3/1 20:10",NYE,BOS,regular,5999,1,2,1,2,1,1,0,1,0,10295
10295,"Stage 2","2018/3/1 20:10",NYE,BOS,regular,6000,2,2,1,4,2,2,0,1,0,10295
10295,"Stage 2","2018/3/1 20:10",NYE,BOS,regular,6938,3,3,2,7,4,3,0,1,0,10295
10295,"Stage 2","2018/3/1 20:10",NYE,BOS,regular,6001,4,3,0,10,4,4,0,1,0,10295
10311,"Stage 2","2018/3/10 13:00",LDN,GLA,regular,6055,1,2,3,2,3,0,1,0,1,10311
10311,"Stage 2","2018/3/10 13:00",LDN,GLA,regular,6056,2,0,2,2,5,0,2,0,1,10311
10311,"Stage 2","2018/3/10 13:00",LDN,GLA,regular,6946,3,2,3,4,8,0,3,0,1,10311
10311,"Stage 2","2018/3/10 13:00",LDN,GLA,regular,6057,4,3,2,7,10,1,3,0,1,10311
10312,"Stage 2","2018/3/10 14:50",NYE,SFS,regular,6058,1,3,2,3,2,1,0,1,0,10312
10312,"Stage 2","2018/3/10 14:50",NYE,SFS,regular,6059,2,2,0,5,2,2,0,1,0,10312
10312,"Stage 2","2018/3/10 14:50",NYE,SFS,regular,6060,3,3,1,8,3,3,0,1,0,10312
10312,"Stage 2","2018/3/10 14:50",NYE,SFS,regular,6061,4,3,1,11,4,4,0,1,0,10312
10313,"Stage 2","2018/3/10 17:00",FLA,DAL,regular,6062,1,1,2,1,2,0,1,0,1,10313
10313,"Stage 2","2018/3/10 17:00",FLA,DAL,regular,6063,2,0,2,1,4,0,2,0,1,10313
10313,"Stage 2","2018/3/10 17:00",FLA,DAL,regular,6947,3,2,0,3,4,1,2,0,1,10313
10313,"Stage 2","2018/3/10 17:00",FLA,DAL,regular,6064,4,3,2,6,6,2,2,0,0,10313
10313,"Stage 2","2018/3/10 17:00",FLA,DAL,regular,7776,5,2,0,8,6,3,2,1,0,10313
10314,"Stage 2","2018/3/14 16:00",BOS,DAL,regular,6065,1,2,1,2,1,1,0,1,0,10314
10314,"Stage 2","2018/3/14 16:00",BOS,DAL,regular,6066,2,2,0,4,1,2,0,1,0,10314
10314,"Stage 2","2018/3/14 16:00",BOS,DAL,regular,6948,3,3,0,7,1,3,0,1,0,10314
10314,"Stage 2","2018/3/14 16:00",BOS,DAL,regular,6067,4,3,0,10,1,4,0,1,0,10314
10315,"Stage 2","2018/3/14 17:40",NYE,SEO,regular,6068,1,6,4,6,4,1,0,1,0,10315
10315,"Stage 2","2018/3/14 17:40",NYE,SEO,regular,6069,2,1,2,7,6,1,1,0,0,10315
10315,"Stage 2","2018/3/14 17:40",NYE,SEO,regular,6070,3,1,2,8,8,1,2,0,1,10315
10315,"Stage 2","2018/3/14 17:40",NYE,SEO,regular,6071,4,3,2,11,10,2,2,0,0,10315
10315,"Stage 2","2018/3/14 17:40",NYE,SEO,regular,7865,5,2,0,13,10,3,2,1,0,10315
10316,"Stage 2","2018/3/14 20:10",PHI,SHD,regular,6072,1,2,0,2,0,1,0,1,0,10316
10316,"Stage 2","2018/3/14 20:10",PHI,SHD,regular,6073,2,2,0,4,0,2,0,1,0,10316
10316,"Stage 2","2018/3/14 20:10",PHI,SHD,regular,6074,3,3,1,7,1,3,0,1,0,10316
10316,"Stage 2","2018/3/14 20:10",PHI,SHD,regular,6075,4,3,0,10,1,4,0,1,0,10316
10317,"Stage 2","2018/3/15 16:00",SHD,NYE,regular,6076,1,0,1,0,1,0,1,0,1,10317
10317,"Stage 2","2018/3/15 16:00",SHD,NYE,regular,6077,2,0,2,0,3,0,2,0,1,10317
10317,"Stage 2","2018/3/15 16:00",SHD,NYE,regular,6078,3,1,2,1,5,0,3,0,1,10317
10317,"Stage 2","2018/3/15 16:00",SHD,NYE,regular,6079,4,2,3,3,8,0,4,0,1,10317
10318,"Stage 2","2018/3/15 17:35",FLA,VAL,regular,6080,1,2,1,2,1,1,0,1,0,10318
10318,"Stage 2","2018/3/15 17:35",FLA,VAL,regular,6081,2,2,0,4,1,2,0,1,0,10318
10318,"Stage 2","2018/3/15 17:35",FLA,VAL,regular,6082,3,0,1,4,2,2,1,1,0,10318
10318,"Stage 2","2018/3/15 17:35",FLA,VAL,regular,6083,4,3,2,7,4,3,1,1,0,10318
10319,"Stage 2","2018/3/15 19:40",HOU,GLA,regular,6084,1,4,3,4,3,1,0,1,0,10319
10319,"Stage 2","2018/3/15 19:40",HOU,GLA,regular,6085,2,1,2,5,5,1,1,0,0,10319
10319,"Stage 2","2018/3/15 19:40",HOU,GLA,regular,6949,3,0,1,5,6,1,2,0,1,10319
10319,"Stage 2","2018/3/15 19:40",HOU,GLA,regular,6086,4,3,0,8,6,2,2,0,0,10319
10319,"Stage 2","2018/3/15 19:40",HOU,GLA,regular,7866,5,0,2,8,8,2,3,0,1,10319
10320,"Stage 2","2018/3/16 16:00",GLA,FLA,regular,6087,1,3,3,3,3,0,0,0,0,10320
10320,"Stage 2","2018/3/16 16:00",GLA,FLA,regular,6088,2,0,2,3,5,0,1,0,1,10320
10320,"Stage 2","2018/3/16 16:00",GLA,FLA,regular,6089,3,3,1,6,6,1,1,0,0,10320
10320,"Stage 2","2018/3/16 16:00",GLA,FLA,regular,6090,4,2,1,8,7,2,1,1,0,10320
10321,"Stage 2","2018/3/16 18:00",LDN,SFS,regular,6091,1,1,0,1,0,1,0,1,0,10321
10321,"Stage 2","2018/3/16 18:00",LDN,SFS,regular,6092,2,2,0,3,0,2,0,1,0,10321
10321,"Stage 2","2018/3/16 18:00",LDN,SFS,regular,6093,3,0,1,3,1,2,1,1,0,10321
10321,"Stage 2","2018/3/16 18:00",LDN,SFS,regular,6094,4,2,1,5,2,3,1,1,0,10321
10322,"Stage 2","2018/3/16 20:00",VAL,BOS,regular,6095,1,2,3,2,3,0,1,0,1,10322
10322,"Stage 2","2018/3/16 20:00",VAL,BOS,regular,6096,2,2,1,4,4,1,1,0,0,10322
10322,"Stage 2","2018/3/16 20:00",VAL,BOS,regular,6950,3,3,4,7,8,1,2,0,1,10322
10322,"Stage 2","2018/3/16 20:00",VAL,BOS,regular,6097,4,2,1,9,9,2,2,0,0,10322
10322,"Stage 2","2018/3/16 20:00",VAL,BOS,regular,7892,5,1,2,10,11,2,3,0,1,10322
10323,"Stage 2","2018/3/17 13:00",SEO,LDN,regular,6098,1,3,4,3,4,0,1,0,1,10323
10323,"Stage 2","2018/3/17 13:00",SEO,LDN,regular,6099,2,0,2,3,6,0,2,0,1,10323
10323,"Stage 2","2018/3/17 13:00",SEO,LDN,regular,6951,3,2,3,5,9,0,3,0,1,10323
10323,"Stage 2","2018/3/17 13:00",SEO,LDN,regular,6100,4,2,3,7,12,0,4,0,1,10323
10324,"Stage 2","2018/3/17 14:55",SFS,HOU,regular,6101,1,2,1,2,1,1,0,1,0,10324
10324,"Stage 2","2018/3/17 14:55",SFS,HOU,regular,6102,2,2,0,4,1,2,0,1,0,10324
10324,"Stage 2","2018/3/17 14:55",SFS,HOU,regular,6103,3,1,2,5,3,2,1,1,0,10324
10324,"Stage 2","2018/3/17 14:55",SFS,HOU,regular,6104,4,3,2,8,5,3,1,1,0,10324
10325,"Stage 2","2018/3/17 16:50",DAL,PHI,regular,6105,1,1,2,1,2,0,1,0,1,10325
10325,"Stage 2","2018/3/17 16:50",DAL,PHI,regular,6106,2,0,2,1,4,0,2,0,1,10325
10325,"Stage 2","2018/3/17 16:50",DAL,PHI,regular,6952,3,1,2,2,6,0,3,0,1,10325
10325,"Stage 2","2018/3/17 16:50",DAL,PHI,regular,6107,4,2,3,4,9,0,4,0,1,10325
10296,"Stage 2","2018/3/2 16:00",BOS,FLA,regular,6002,1,2,0,2,0,1,0,1,0,10296
10296,"Stage 2","2018/3/2 16:00",BOS,FLA,regular,6003,2,2,1,4,1,2,0,1,0,10296
10296,"Stage 2","2018/3/2 16:00",BOS,FLA,regular,6004,3,3,1,7,2,3,0,1,0,10296
10296,"Stage 2","2018/3/2 16:00",BOS,FLA,regular,6005,4,3,0,10,2,4,0,1,0,10296
10297,"Stage 2","2018/3/2 17:45",GLA,SEO,regular,6006,1,1,2,1,2,0,1,0,1,10297
10297,"Stage 2","2018/3/2 17:45",GLA,SEO,regular,6007,2,2,0,3,2,1,1,0,0,10297
10297,"Stage 2","2018/3/2 17:45",GLA,SEO,regular,6008,3,1,2,4,4,1,2,0,1,10297
10297,"Stage 2","2018/3/2 17:45",GLA,SEO,regular,6009,4,0,1,4,5,1,3,0,1,10297
10298,"Stage 2","2018/3/2 19:35",DAL,VAL,regular,6010,1,1,2,1,2,0,1,0,1,10298
10298,"Stage 2","2018/3/2 19:35",DAL,VAL,regular,6011,2,1,2,2,4,0,2,0,1,10298
10298,"Stage 2","2018/3/2 19:35",DAL,VAL,regular,6012,3,1,2,3,6,0,3,0,1,10298
10298,"Stage 2","2018/3/2 19:35",DAL,VAL,regular,6013,4,3,2,6,8,1,3,0,1,10298
10576,"Stage 2","2018/3/21 16:00",GLA,PHI,regular,6108,1,1,2,1,2,0,1,0,1,10576
10576,"Stage 2","2018/3/21 16:00",GLA,PHI,regular,6109,2,2,0,3,2,1,1,0,0,10576
10576,"Stage 2","2018/3/21 16:00",GLA,PHI,regular,6110,3,1,2,4,4,1,2,0,1,10576
10576,"Stage 2","2018/3/21 16:00",GLA,PHI,regular,6111,4,0,1,4,5,1,3,0,1,10576
10577,"Stage 2","2018/3/21 17:45",FLA,SFS,regular,6112,1,1,0,1,0,1,0,1,0,10577
10577,"Stage 2","2018/3/21 17:45",FLA,SFS,regular,6113,2,0,2,1,2,1,1,0,0,10577
10577,"Stage 2","2018/3/21 17:45",FLA,SFS,regular,6953,3,3,2,4,4,2,1,1,0,10577
10577,"Stage 2","2018/3/21 17:45",FLA,SFS,regular,6114,4,1,2,5,6,2,2,0,0,10577
10577,"Stage 2","2018/3/21 17:45",FLA,SFS,regular,8069,5,2,0,7,6,3,2,1,0,10577
10578,"Stage 2","2018/3/21 20:00",SHD,HOU,regular,6115,1,0,1,0,1,0,1,0,1,10578
10578,"Stage 2","2018/3/21 20:00",SHD,HOU,regular,6116,2,0,2,0,3,0,2,0,1,10578
10578,"Stage 2","2018/3/21 20:00",SHD,HOU,regular,6954,3,1,2,1,5,0,3,0,1,10578
10578,"Stage 2","2018/3/21 20:00",SHD,HOU,regular,6117,4,0,1,1,6,0,4,0,1,10578
10579,"Stage 2","2018/3/22 16:00",HOU,SEO,regular,6118,1,2,1,2,1,1,0,1,0,10579
10579,"Stage 2","2018/3/22 16:00",HOU,SEO,regular,6119,2,0,2,2,3,1,1,0,0,10579
10579,"Stage 2","2018/3/22 16:00",HOU,SEO,regular,6955,3,4,3,6,6,2,1,1,0,10579
10579,"Stage 2","2018/3/22 16:00",HOU,SEO,regular,6120,4,3,2,9,8,3,1,1,0,10579
10580,"Stage 2","2018/3/22 18:00",NYE,DAL,regular,6121,1,4,3,4,3,1,0,1,0,10580
10580,"Stage 2","2018/3/22 18:00",NYE,DAL,regular,6122,2,0,2,4,5,1,1,0,0,10580
10580,"Stage 2","2018/3/22 18:00",NYE,DAL,regular,6123,3,3,2,7,7,2,1,1,0,10580
10580,"Stage 2","2018/3/22 18:00",NYE,DAL,regular,6124,4,2,3,9,10,2,2,0,0,10580
10580,"Stage 2","2018/3/22 18:00",NYE,DAL,regular,8087,5,2,0,11,10,3,2,1,0,10580
10581,"Stage 2","2018/3/22 20:25",SFS,BOS,regular,6125,1,4,3,4,3,1,0,1,0,10581
10581,"Stage 2","2018/3/22 20:25",SFS,BOS,regular,6126,2,0,2,4,5,1,1,0,0,10581
10581,"Stage 2","2018/3/22 20:25",SFS,BOS,regular,6127,3,1,2,5,7,1,2,0,1,10581
10581,"Stage 2","2018/3/22 20:25",SFS,BOS,regular,6128,4,3,2,8,9,2,2,0,0,10581
10581,"Stage 2","2018/3/22 20:25",SFS,BOS,regular,8088,5,1,2,9,11,2,3,0,1,10581
10582,"Stage 2","2018/3/23 16:00",SEO,FLA,regular,6129,1,4,3,4,3,1,0,1,0,10582
10582,"Stage 2","2018/3/23 16:00",SEO,FLA,regular,6130,2,2,1,6,4,2,0,1,0,10582
10582,"Stage 2","2018/3/23 16:00",SEO,FLA,regular,6131,3,0,1,6,5,2,1,1,0,10582
10582,"Stage 2","2018/3/23 16:00",SEO,FLA,regular,6132,4,3,1,9,6,3,1,1,0,10582
10583,"Stage 2","2018/3/23 17:55",PHI,VAL,regular,6133,1,3,2,3,2,1,0,1,0,10583
10583,"Stage 2","2018/3/23 17:55",PHI,VAL,regular,6134,2,0,2,3,4,1,1,0,0,10583
10583,"Stage 2","2018/3/23 17:55",PHI,VAL,regular,6956,3,3,0,6,4,2,1,1,0,10583
10583,"Stage 2","2018/3/23 17:55",PHI,VAL,regular,6135,4,2,3,8,7,2,2,0,0,10583
10583,"Stage 2","2018/3/23 17:55",PHI,VAL,regular,8168,5,2,1,10,8,3,2,1,0,10583
10584,"Stage 2","2018/3/23 20:20",LDN,SHD,regular,6136,1,2,0,2,0,1,0,1,0,10584
10584,"Stage 2","2018/3/23 20:20",LDN,SHD,regular,6137,2,2,0,4,0,2,0,1,0,10584
10584,"Stage 2","2018/3/23 20:20",LDN,SHD,regular,6138,3,3,0,7,0,3,0,1,0,10584
10584,"Stage 2","2018/3/23 20:20",LDN,SHD,regular,6139,4,3,1,10,1,4,0,1,0,10584
10585,"Stage 2","2018/3/24 13:00",DAL,LDN,regular,6140,1,0,1,0,1,0,1,0,1,10585
10585,"Stage 2","2018/3/24 13:00",DAL,LDN,regular,6141,2,1,2,1,3,0,2,0,1,10585
10585,"Stage 2","2018/3/24 13:00",DAL,LDN,regular,6142,3,4,3,5,6,1,2,0,1,10585
10585,"Stage 2","2018/3/24 13:00",DAL,LDN,regular,6143,4,2,3,7,9,1,3,0,1,10585
10586,"Stage 2","2018/3/24 14:55",VAL,NYE,regular,6144,1,3,4,3,4,0,1,0,1,10586
10586,"Stage 2","2018/3/24 14:55",VAL,NYE,regular,6145,2,0,2,3,6,0,2,0,1,10586
10586,"Stage 2","2018/3/24 14:55",VAL,NYE,regular,6146,3,0,1,3,7,0,3,0,1,10586
10586,"Stage 2","2018/3/24 14:55",VAL,NYE,regular,6147,4,2,3,5,10,0,4,0,1,10586
10587,"Stage 2","2018/3/24 16:40",BOS,GLA,regular,6148,1,2,1,2,1,1,0,1,0,10587
10587,"Stage 2","2018/3/24 16:40",BOS,GLA,regular,6149,2,2,0,4,1,2,0,1,0,10587
10587,"Stage 2","2018/3/24 16:40",BOS,GLA,regular,6150,3,3,4,7,5,2,1,1,0,10587
10587,"Stage 2","2018/3/24 16:40",BOS,GLA,regular,6151,4,4,5,11,10,2,2,0,0,10587
10587,"Stage 2","2018/3/24 16:40",BOS,GLA,regular,8214,5,2,1,13,11,3,2,1,0,10587
10540,"Stage 2 Title Matches","2018/3/25 13:00",PHI,LDN,title,8201,1,0,1,0,1,0,1,0,1,10540
10540,"Stage 2 Title Matches","2018/3/25 13:00",PHI,LDN,title,8202,2,2,0,2,1,1,1,0,0,10540
10540,"Stage 2 Title Matches","2018/3/25 13:00",PHI,LDN,title,8203,3,2,0,4,1,2,1,1,0,10540
10540,"Stage 2 Title Matches","2018/3/25 13:00",PHI,LDN,title,8204,4,3,4,7,5,2,2,0,0,10540
10540,"Stage 2 Title Matches","2018/3/25 13:00",PHI,LDN,title,8205,5,3,2,10,7,3,2,1,0,10540
10542,"Stage 2 Title Matches","2018/3/25 15:05",PHI,NYE,title,8206,1,2,1,2,1,1,0,1,0,10542
10542,"Stage 2 Title Matches","2018/3/25 15:05",PHI,NYE,title,8207,2,2,1,4,2,2,0,1,0,10542
10542,"Stage 2 Title Matches","2018/3/25 15:05",PHI,NYE,title,8208,3,0,1,4,3,2,1,1,0,10542
10542,"Stage 2 Title Matches","2018/3/25 15:05",PHI,NYE,title,8209,4,1,2,5,5,2,2,0,0,10542
10542,"Stage 2 Title Matches","2018/3/25 15:05",PHI,NYE,title,8210,5,2,3,7,8,2,3,0,1,10542
10299,"Stage 2","2018/3/3 13:00",PHI,LDN,regular,6014,1,0,1,0,1,0,1,0,1,10299
10299,"Stage 2","2018/3/3 13:00",PHI,LDN,regular,6015,2,0,2,0,3,0,2,0,1,10299
10299,"Stage 2","2018/3/3 13:00",PHI,LDN,regular,6016,3,0,1,0,4,0,3,0,1,10299
10299,"Stage 2","2018/3/3 13:00",PHI,LDN,regular,6017,4,1,2,1,6,0,4,0,1,10299
10300,"Stage 2","2018/3/3 14:30",HOU,NYE,regular,6018,1,0,1,0,1,0,1,0,1,10300
10300,"Stage 2","2018/3/3 14:30",HOU,NYE,regular,6019,2,1,2,1,3,0,2,0,1,10300
10300,"Stage 2","2018/3/3 14:30",HOU,NYE,regular,6939,3,5,6,6,9,0,3,0,1,10300
10300,"Stage 2","2018/3/3 14:30",HOU,NYE,regular,6020,4,1,2,7,11,0,4,0,1,10300
10301,"Stage 2","2018/3/3 16:40",SHD,SFS,regular,6021,1,0,1,0,1,0,1,0,1,10301
10301,"Stage 2","2018/3/3 16:40",SHD,SFS,regular,6022,2,1,2,1,3,0,2,0,1,10301
10301,"Stage 2","2018/3/3 16:40",SHD,SFS,regular,6940,3,2,3,3,6,0,3,0,1,10301
10301,"Stage 2","2018/3/3 16:40",SHD,SFS,regular,6023,4,4,5,7,11,0,4,0,1,10301
10302,"Stage 2","2018/3/7 16:00",SEO,SHD,regular,6024,1,2,1,2,1,1,0,1,0,10302
10302,"Stage 2","2018/3/7 16:00",SEO,SHD,regular,6025,2,2,0,4,1,2,0,1,0,10302
10302,"Stage 2","2018/3/7 16:00",SEO,SHD,regular,6941,3,0,1,4,2,2,1,1,0,10302
10302,"Stage 2","2018/3/7 16:00",SEO,SHD,regular,6026,4,3,2,7,4,3,1,1,0,10302
10303,"Stage 2","2018/3/7 17:50",SFS,DAL,regular,6027,1,4,4,4,4,0,0,0,0,10303
10303,"Stage 2","2018/3/7 17:50",SFS,DAL,regular,6028,2,2,1,6,5,1,0,1,0,10303
10303,"Stage 2","2018/3/7 17:50",SFS,DAL,regular,6942,3,3,1,9,6,2,0,1,0,10303
10303,"Stage 2","2018/3/7 17:50",SFS,DAL,regular,6029,4,3,1,12,7,3,0,1,0,10303
10304,"Stage 2","2018/3/7 20:00",VAL,GLA,regular,6030,1,4,5,4,5,0,1,0,1,10304
10304,"Stage 2","2018/3/7 20:00",VAL,GLA,regular,6031,2,0,2,4,7,0,2,0,1,10304
10304,"Stage 2","2018/3/7 20:00",VAL,GLA,regular,6032,3,1,2,5,9,0,3,0,1,10304
10304,"Stage 2","2018/3/7 20:00",VAL,GLA,regular,6033,4,5,6,10,15,0,4,0,1,10304
10305,"Stage 2","2018/3/8 16:00",PHI,SEO,regular,6034,1,3,4,3,4,0,1,0,1,10305
10305,"Stage 2","2018/3/8 16:00",PHI,SEO,regular,6035,2,0,2,3,6,0,2,0,1,10305
10305,"Stage 2","2018/3/8 16:00",PHI,SEO,regular,6943,3,5,3,8,9,1,2,0,1,10305
10305,"Stage 2","2018/3/8 16:00",PHI,SEO,regular,6036,4,0,1,8,10,1,3,0,1,10305
10306,"Stage 2","2018/3/8 18:00",HOU,VAL,regular,6037,1,1,2,1,2,0,1,0,1,10306
10306,"Stage 2","2018/3/8 18:00",HOU,VAL,regular,6038,2,1,2,2,4,0,2,0,1,10306
10306,"Stage 2","2018/3/8 18:00",HOU,VAL,regular,6039,3,1,2,3,6,0,3,0,1,10306
10306,"Stage 2","2018/3/8 18:00",HOU,VAL,regular,6040,4,1,2,4,8,0,4,0,1,10306
10307,"Stage 2","2018/3/8 20:00",BOS,SHD,regular,6041,1,3,2,3,2,1,0,1,0,10307
10307,"Stage 2","2018/3/8 20:00",BOS,SHD,regular,6042,2,2,0,5,2,2,0,1,0,10307
10307,"Stage 2","2018/3/8 20:00",BOS,SHD,regular,6944,3,1,0,6,2,3,0,1,0,10307
10307,"Stage 2","2018/3/8 20:00",BOS,SHD,regular,6043,4,3,1,9,3,4,0,1,0,10307
10308,"Stage 2","2018/3/9 16:00",LDN,BOS,regular,6044,1,3,2,3,2,1,0,1,0,10308
10308,"Stage 2","2018/3/9 16:00",LDN,BOS,regular,6045,2,2,1,5,3,2,0,1,0,10308
10308,"Stage 2","2018/3/9 16:00",LDN,BOS,regular,6046,3,4,3,9,6,3,0,1,0,10308
10308,"Stage 2","2018/3/9 16:00",LDN,BOS,regular,6047,4,3,2,12,8,4,0,1,0,10308
10309,"Stage 2","2018/3/9 18:00",NYE,PHI,regular,6048,1,4,3,4,3,1,0,1,0,10309
10309,"Stage 2","2018/3/9 18:00",NYE,PHI,regular,6049,2,2,1,6,4,2,0,1,0,10309
10309,"Stage 2","2018/3/9 18:00",NYE,PHI,regular,6945,3,5,4,11,8,3,0,1,0,10309
10309,"Stage 2","2018/3/9 18:00",NYE,PHI,regular,6050,4,3,4,14,12,3,1,1,0,10309
10310,"Stage 2","2018/3/9 20:30",FLA,HOU,regular,6051,1,4,3,4,3,1,0,1,0,10310
10310,"Stage 2","2018/3/9 20:30",FLA,HOU,regular,6052,2,2,0,6,3,2,0,1,0,10310
10310,"Stage 2","2018/3/9 20:30",FLA,HOU,regular,6053,3,1,2,7,5,2,1,1,0,10310
10310,"Stage 2","2018/3/9 20:30",FLA,HOU,regular,6054,4,2,3,9,8,2,2,0,0,10310
10310,"Stage 2","2018/3/9 20:30",FLA,HOU,regular,7767,5,0,2,9,10,2,3,0,1,10310
10345,"Stage 3","2018/4/11 16:00",SHD,GLA,regular,8425,1,1,2,1,2,0,1,0,1,10345
10345,"Stage 3","2018/4/11 16:00",SHD,GLA,regular,8426,2,1,2,2,4,0,2,0,1,10345
10345,"Stage 3","2018/4/11 16:00",SHD,GLA,regular,8427,3,1,2,3,6,0,3,0,1,10345
10345,"Stage 3","2018/4/11 16:00",SHD,GLA,regular,8429,4,2,3,5,9,0,4,0,1,10345
10346,"Stage 3","2018/4/11 17:50",SFS,VAL,regular,8433,1,1,2,1,2,0,1,0,1,10346
10346,"Stage 3","2018/4/11 17:50",SFS,VAL,regular,8434,2,3,4,4,6,0,2,0,1,10346
10346,"Stage 3","2018/4/11 17:50",SFS,VAL,regular,8436,3,0,2,4,8,0,3,0,1,10346
10346,"Stage 3","2018/4/11 17:50",SFS,VAL,regular,8438,4,1,2,5,10,0,4,0,1,10346
10347,"Stage 3","2018/4/11 19:50",DAL,SEO,regular,8441,1,2,3,2,3,0,1,0,1,10347
10347,"Stage 3","2018/4/11 19:50",DAL,SEO,regular,8442,2,2,1,4,4,1,1,0,0,10347
10347,"Stage 3","2018/4/11 19:50",DAL,SEO,regular,8445,3,1,2,5,6,1,2,0,1,10347
10347,"Stage 3","2018/4/11 19:50",DAL,SEO,regular,8447,4,3,1,8,7,2,2,0,0,10347
10347,"Stage 3","2018/4/11 19:50",DAL,SEO,regular,9303,5,0,2,8,9,2,3,0,1,10347
10348,"Stage 3","2018/4/12 16:00",BOS,NYE,regular,8451,1,2,1,2,1,1,0,1,0,10348
10348,"Stage 3","2018/4/12 16:00",BOS,NYE,regular,8454,2,1,2,3,3,1,1,0,0,10348
10348,"Stage 3","2018/4/12 16:00",BOS,NYE,regular,8455,3,0,2,3,5,1,2,0,1,10348
10348,"Stage 3","2018/4/12 16:00",BOS,NYE,regular,8456,4,3,2,6,7,2,2,0,0,10348
10348,"Stage 3","2018/4/12 16:00",BOS,NYE,regular,9322,5,2,0,8,7,3,2,1,0,10348
10349,"Stage 3","2018/4/12 18:05",LDN,FLA,regular,8459,1,3,3,3,3,0,0,0,0,10349
10349,"Stage 3","2018/4/12 18:05",LDN,FLA,regular,8461,2,4,3,7,6,1,0,1,0,10349
10349,"Stage 3","2018/4/12 18:05",LDN,FLA,regular,8462,3,2,1,9,7,2,0,1,0,10349
10349,"Stage 3","2018/4/12 18:05",LDN,FLA,regular,8463,4,3,1,12,8,3,0,1,0,10349
10350,"Stage 3","2018/4/12 20:15",PHI,HOU,regular,8465,1,3,4,3,4,0,1,0,1,10350
10350,"Stage 3","2018/4/12 20:15",PHI,HOU,regular,8466,2,5,4,8,8,1,1,0,0,10350
10350,"Stage 3","2018/4/12 20:15",PHI,HOU,regular,8467,3,2,0,10,8,2,1,1,0,10350
10350,"Stage 3","2018/4/12 20:15",PHI,HOU,regular,8468,4,0,1,10,9,2,2,0,0,10350
10350,"Stage 3","2018/4/12 20:15",PHI,HOU,regular,9323,5,2,0,12,9,3,2,1,0,10350
10351,"Stage 3","2018/4/13 16:00",VAL,DAL,regular,8471,1,4,4,4,4,0,0,0,0,10351
10351,"Stage 3","2018/4/13 16:00",VAL,DAL,regular,8473,2,3,4,7,8,0,1,0,1,10351
10351,"Stage 3","2018/4/13 16:00",VAL,DAL,regular,8474,3,2,1,9,9,1,1,0,0,10351
10351,"Stage 3","2018/4/13 16:00",VAL,DAL,regular,8476,4,3,1,12,10,2,1,1,0,10351
10352,"Stage 3","2018/4/13 18:10",SFS,SHD,regular,8477,1,3,2,3,2,1,0,1,0,10352
10352,"Stage 3","2018/4/13 18:10",SFS,SHD,regular,8478,2,3,4,6,6,1,1,0,0,10352
10352,"Stage 3","2018/4/13 18:10",SFS,SHD,regular,8479,3,2,0,8,6,2,1,1,0,10352
10352,"Stage 3","2018/4/13 18:10",SFS,SHD,regular,8483,4,3,2,11,8,3,1,1,0,10352
10353,"Stage 3","2018/4/13 20:20",SEO,GLA,regular,8488,1,2,1,2,1,1,0,1,0,10353
10353,"Stage 3","2018/4/13 20:20",SEO,GLA,regular,8490,2,2,3,4,4,1,1,0,0,10353
10353,"Stage 3","2018/4/13 20:20",SEO,GLA,regular,8491,3,1,2,5,6,1,2,0,1,10353
10353,"Stage 3","2018/4/13 20:20",SEO,GLA,regular,8492,4,2,1,7,7,2,2,0,0,10353
10353,"Stage 3","2018/4/13 20:20",SEO,GLA,regular,9367,5,0,2,7,9,2,3,0,1,10353
10354,"Stage 3","2018/4/14 13:00",LDN,PHI,regular,8494,1,1,2,1,2,0,1,0,1,10354
10354,"Stage 3","2018/4/14 13:00",LDN,PHI,regular,8498,2,2,3,3,5,0,2,0,1,10354
10354,"Stage 3","2018/4/14 13:00",LDN,PHI,regular,8499,3,2,0,5,5,1,2,0,1,10354
10354,"Stage 3","2018/4/14 13:00",LDN,PHI,regular,8500,4,2,0,7,5,2,2,0,0,10354
10354,"Stage 3","2018/4/14 13:00",LDN,PHI,regular,9418,5,0,2,7,7,2,3,0,1,10354
10355,"Stage 3","2018/4/14 15:15",NYE,HOU,regular,8504,1,2,3,2,3,0,1,0,1,10355
10355,"Stage 3","2018/4/14 15:15",NYE,HOU,regular,8506,2,2,1,4,4,1,1,0,0,10355
10355,"Stage 3","2018/4/14 15:15",NYE,HOU,regular,8510,3,1,2,5,6,1,2,0,1,10355
10355,"Stage 3","2018/4/14 15:15",NYE,HOU,regular,8512,4,3,1,8,7,2,2,0,0,10355
10355,"Stage 3","2018/4/14 15:15",NYE,HOU,regular,9422,5,2,1,10,8,3,2,1,0,10355
10356,"Stage 3","2018/4/14 17:30",FLA,BOS,regular,8517,1,0,1,0,1,0,1,0,1,10356
10356,"Stage 3","2018/4/14 17:30",FLA,BOS,regular,8519,2,2,3,2,4,0,2,0,1,10356
10356,"Stage 3","2018/4/14 17:30",FLA,BOS,regular,8521,3,2,0,4,4,1,2,0,1,10356
10356,"Stage 3","2018/4/14 17:30",FLA,BOS,regular,8522,4,3,2,7,6,2,2,0,0,10356
10356,"Stage 3","2018/4/14 17:30",FLA,BOS,regular,9426,5,0,2,7,8,2,3,0,1,10356
10357,"Stage 3","2018/4/18 16:00",GLA,VAL,regular,8525,1,1,0,1,0,1,0,1,0,10357
10357,"Stage 3","2018/4/18 16:00",GLA,VAL,regular,8526,2,2,3,3,3,1,1,0,0,10357
10357,"Stage 3","2018/4/18 16:00",GLA,VAL,regular,8527,3,0,2,3,5,1,2,0,1,10357
10357,"Stage 3","2018/4/18 16:00",GLA,VAL,regular,8529,4,3,1,6,6,2,2,0,0,10357
10357,"Stage 3","2018/4/18 16:00",GLA,VAL,regular,9631,5,1,2,7,8,2,3,0,1,10357
10358,"Stage 3","2018/4/18 18:10",DAL,SFS,regular,8541,1,0,1,0,1,0,1,0,1,10358
10358,"Stage 3","2018/4/18 18:10",DAL,SFS,regular,8543,2,1,2,1,3,0,2,0,1,10358
10358,"Stage 3","2018/4/18 18:10",DAL,SFS,regular,8545,3,1,2,2,5,0,3,0,1,10358
10358,"Stage 3","2018/4/18 18:10",DAL,SFS,regular,8547,4,2,3,4,8,0,4,0,1,10358
10359,"Stage 3","2018/4/18 20:00",SHD,SEO,regular,8550,1,1,2,1,2,0,1,0,1,10359
10359,"Stage 3","2018/4/18 20:00",SHD,SEO,regular,8551,2,1,2,2,4,0,2,0,1,10359
10359,"Stage 3","2018/4/18 20:00",SHD,SEO,regular,8553,3,2,1,4,5,1,2,0,1,10359
10359,"Stage 3","2018/4/18 20:00",SHD,SEO,regular,8555,4,2,3,6,8,1,3,0,1,10359
10360,"Stage 3","2018/4/19 16:00",HOU,FLA,regular,8557,1,1,2,1,2,0,1,0,1,10360
10360,"Stage 3","2018/4/19 16:00",HOU,FLA,regular,8558,2,3,2,4,4,1,1,0,0,10360
10360,"Stage 3","2018/4/19 16:00",HOU,FLA,regular,8560,3,2,0,6,4,2,1,1,0,10360
10360,"Stage 3","2018/4/19 16:00",HOU,FLA,regular,8562,4,3,0,9,4,3,1,1,0,10360
10361,"Stage 3","2018/4/19 17:40",BOS,LDN,regular,8565,1,2,3,2,3,0,1,0,1,10361
10361,"Stage 3","2018/4/19 17:40",BOS,LDN,regular,8566,2,2,3,4,6,0,2,0,1,10361
10361,"Stage 3","2018/4/19 17:40",BOS,LDN,regular,8567,3,2,0,6,6,1,2,0,1,10361
10361,"Stage 3","2018/4/19 17:40",BOS,LDN,regular,8568,4,1,0,7,6,2,2,0,0,10361
10361,"Stage 3","2018/4/19 17:40",BOS,LDN,regular,9643,5,2,1,9,7,3,2,1,0,10361
10362,"Stage 3","2018/4/19 19:55",PHI,NYE,regular,8573,1,4,3,4,3,1,0,1,0,10362
10362,"Stage 3","2018/4/19 19:55",PHI,NYE,regular,8574,2,3,1,7,4,2,0,1,0,10362
10362,"Stage 3","2018/4/19 19:55",PHI,NYE,regular,8575,3,0,2,7,6,2,1,1,0,10362
10362,"Stage 3","2018/4/19 19:55",PHI,NYE,regular,8576,4,3,4,10,10,2,2,0,0,10362
10362,"Stage 3","2018/4/19 19:55",PHI,NYE,regular,9644,5,1,2,11,12,2,3,0,1,10362
10363,"Stage 3","2018/4/20 16:00",PHI,SFS,regular,8569,1,1,2,1,2,0,1,0,1,10363
10363,"Stage 3","2018/4/20 16:00",PHI,SFS,regular,8570,2,2,3,3,5,0,2,0,1,10363
10363,"Stage 3","2018/4/20 16:00",PHI,SFS,regular,8571,3,2,1,5,6,1,2,0,1,10363
10363,"Stage 3","2018/4/20 16:00",PHI,SFS,regular,8572,4,1,2,6,8,1,3,0,1,10363
10364,"Stage 3","2018/4/20 17:45",FLA,SHD,regular,8559,1,2,1,2,1,1,0,1,0,10364
10364,"Stage 3","2018/4/20 17:45",FLA,SHD,regular,8561,2,1,2,3,3,1,1,0,0,10364
10364,"Stage 3","2018/4/20 17:45",FLA,SHD,regular,8563,3,2,1,5,4,2,1,1,0,10364
10364,"Stage 3","2018/4/20 17:45",FLA,SHD,regular,8564,4,1,0,6,4,3,1,1,0,10364
10365,"Stage 3","2018/4/20 19:40",BOS,SEO,regular,8549,1,2,1,2,1,1,0,1,0,10365
10365,"Stage 3","2018/4/20 19:40",BOS,SEO,regular,8552,2,3,3,5,4,1,0,1,0,10365
10365,"Stage 3","2018/4/20 19:40",BOS,SEO,regular,8554,3,2,1,7,5,2,0,1,0,10365
10365,"Stage 3","2018/4/20 19:40",BOS,SEO,regular,8556,4,1,2,8,7,2,1,1,0,10365
10366,"Stage 3","2018/4/21 13:00",LDN,VAL,regular,8542,1,2,0,2,0,1,0,1,0,10366
10366,"Stage 3","2018/4/21 13:00",LDN,VAL,regular,8544,2,3,1,5,1,2,0,1,0,10366
10366,"Stage 3","2018/4/21 13:00",LDN,VAL,regular,8546,3,0,2,5,3,2,1,1,0,10366
10366,"Stage 3","2018/4/21 13:00",LDN,VAL,regular,8548,4,1,2,6,5,2,2,0,0,10366
10366,"Stage 3","2018/4/21 13:00",LDN,VAL,regular,9753,5,2,0,8,5,3,2,1,0,10366
10367,"Stage 3","2018/4/21 15:00",NYE,GLA,regular,8537,1,1,2,1,2,0,1,0,1,10367
10367,"Stage 3","2018/4/21 15:00",NYE,GLA,regular,8538,2,1,2,2,4,0,2,0,1,10367
10367,"Stage 3","2018/4/21 15:00",NYE,GLA,regular,8539,3,2,0,4,4,1,2,0,1,10367
10367,"Stage 3","2018/4/21 15:00",NYE,GLA,regular,8540,4,3,2,7,6,2,2,0,0,10367
10367,"Stage 3","2018/4/21 15:00",NYE,GLA,regular,9758,5,2,0,9,6,3,2,1,0,10367
10368,"Stage 3","2018/4/21 17:10",HOU,DAL,regular,8533,1,2,2,2,2,0,0,0,0,10368
10368,"Stage 3","2018/4/21 17:10",HOU,DAL,regular,8534,2,4,3,6,5,1,0,1,0,10368
10368,"Stage 3","2018/4/21 17:10",HOU,DAL,regular,8535,3,2,1,8,6,2,0,1,0,10368
10368,"Stage 3","2018/4/21 17:10",HOU,DAL,regular,8536,4,2,0,10,6,3,0,1,0,10368
10369,"Stage 3","2018/4/25 16:00",SHD,BOS,regular,8528,1,1,2,1,2,0,1,0,1,10369
10369,"Stage 3","2018/4/25 16:00",SHD,BOS,regular,8530,2,2,3,3,5,0,2,0,1,10369
10369,"Stage 3","2018/4/25 16:00",SHD,BOS,regular,8531,3,1,2,4,7,0,3,0,1,10369
10369,"Stage 3","2018/4/25 16:00",SHD,BOS,regular,8532,4,3,2,7,9,1,3,0,1,10369
10370,"Stage 3","2018/4/25 17:50",VAL,HOU,regular,8518,1,1,2,1,2,0,1,0,1,10370
10370,"Stage 3","2018/4/25 17:50",VAL,HOU,regular,8520,2,0,1,1,3,0,2,0,1,10370
10370,"Stage 3","2018/4/25 17:50",VAL,HOU,regular,8523,3,1,2,2,5,0,3,0,1,10370
10370,"Stage 3","2018/4/25 17:50",VAL,HOU,regular,8524,4,2,0,4,5,1,3,0,1,10370
10371,"Stage 3","2018/4/25 19:40",DAL,FLA,regular,8513,1,1,2,1,2,0,1,0,1,10371
10371,"Stage 3","2018/4/25 19:40",DAL,FLA,regular,8514,2,2,3,3,5,0,2,0,1,10371
10371,"Stage 3","2018/4/25 19:40",DAL,FLA,regular,8515,3,0,2,3,7,0,3,0,1,10371
10371,"Stage 3","2018/4/25 19:40",DAL,FLA,regular,8516,4,4,3,7,10,1,3,0,1,10371
10372,"Stage 3","2018/4/26 16:00",GLA,LDN,regular,,1,,,,,0,0,0,0,10372
10373,"Stage 3","2018/4/26 18:00",SFS,NYE,regular,,1,,,,,0,0,0,0,10373
10374,"Stage 3","2018/4/26 20:00",SEO,PHI,regular,,1,,,,,0,0,0,0,10374
10375,"Stage 3","2018/4/27 16:00",DAL,BOS,regular,,1,,,,,0,0,0,0,10375
10376,"Stage 3","2018/4/27 18:00",GLA,HOU,regular,,1,,,,,0,0,0,0,10376
10377,"Stage 3","2018/4/27 20:00",VAL,FLA,regular,,1,,,,,0,0,0,0,10377
10378,"Stage 3","2018/4/28 13:00",SFS,LDN,regular,,1,,,,,0,0,0,0,10378
10379,"Stage 3","2018/4/28 15:00",SEO,NYE,regular,,1,,,,,0,0,0,0,10379
10380,"Stage 3","2018/4/28 17:00",SHD,PHI,regular,,1,,,,,0,0,0,0,10380
10333,"Stage 3","2018/4/4 16:00",SHD,DAL,regular,8337,1,1,2,1,2,0,1,0,1,10333
10333,"Stage 3","2018/4/4 16:00",SHD,DAL,regular,8338,2,1,2,2,4,0,2,0,1,10333
10333,"Stage 3","2018/4/4 16:00",SHD,DAL,regular,8339,3,0,2,2,6,0,3,0,1,10333
10333,"Stage 3","2018/4/4 16:00",SHD,DAL,regular,8340,4,2,1,4,7,1,3,0,1,10333
10334,"Stage 3","2018/4/4 18:00",VAL,SEO,regular,8341,1,2,0,2,0,1,0,1,0,10334
10334,"Stage 3","2018/4/4 18:00",VAL,SEO,regular,8342,2,3,2,5,2,2,0,1,0,10334
10334,"Stage 3","2018/4/4 18:00",VAL,SEO,regular,8343,3,2,0,7,2,3,0,1,0,10334
10334,"Stage 3","2018/4/4 18:00",VAL,SEO,regular,8344,4,3,0,10,2,4,0,1,0,10334
10335,"Stage 3","2018/4/4 19:45",SFS,GLA,regular,8346,1,3,4,3,4,0,1,0,1,10335
10335,"Stage 3","2018/4/4 19:45",SFS,GLA,regular,8349,2,4,3,7,7,1,1,0,0,10335
10335,"Stage 3","2018/4/4 19:45",SFS,GLA,regular,8351,3,2,0,9,7,2,1,1,0,10335
10335,"Stage 3","2018/4/4 19:45",SFS,GLA,regular,8352,4,3,1,12,8,3,1,1,0,10335
10336,"Stage 3","2018/4/5 16:00",FLA,NYE,regular,8354,1,2,3,2,3,0,1,0,1,10336
10336,"Stage 3","2018/4/5 16:00",FLA,NYE,regular,8356,2,1,2,3,5,0,2,0,1,10336
10336,"Stage 3","2018/4/5 16:00",FLA,NYE,regular,8358,3,0,2,3,7,0,3,0,1,10336
10336,"Stage 3","2018/4/5 16:00",FLA,NYE,regular,8361,4,2,3,5,10,0,4,0,1,10336
10337,"Stage 3","2018/4/5 17:50",PHI,BOS,regular,8364,1,1,2,1,2,0,1,0,1,10337
10337,"Stage 3","2018/4/5 17:50",PHI,BOS,regular,8365,2,4,3,5,5,1,1,0,0,10337
10337,"Stage 3","2018/4/5 17:50",PHI,BOS,regular,8366,3,0,2,5,7,1,2,0,1,10337
10337,"Stage 3","2018/4/5 17:50",PHI,BOS,regular,8368,4,3,2,8,9,2,2,0,0,10337
10337,"Stage 3","2018/4/5 17:50",PHI,BOS,regular,8961,5,0,2,8,11,2,3,0,1,10337
10338,"Stage 3","2018/4/5 20:15",LDN,HOU,regular,8370,1,2,1,2,1,1,0,1,0,10338
10338,"Stage 3","2018/4/5 20:15",LDN,HOU,regular,8372,2,1,2,3,3,1,1,0,0,10338
10338,"Stage 3","2018/4/5 20:15",LDN,HOU,regular,8374,3,0,2,3,5,1,2,0,1,10338
10338,"Stage 3","2018/4/5 20:15",LDN,HOU,regular,8375,4,1,0,4,5,2,2,0,0,10338
10338,"Stage 3","2018/4/5 20:15",LDN,HOU,regular,8962,5,0,2,4,7,2,3,0,1,10338
10339,"Stage 3","2018/4/6 16:00",GLA,DAL,regular,8377,1,3,2,3,2,1,0,1,0,10339
10339,"Stage 3","2018/4/6 16:00",GLA,DAL,regular,8379,2,3,2,6,4,2,0,1,0,10339
10339,"Stage 3","2018/4/6 16:00",GLA,DAL,regular,8383,3,2,0,8,4,3,0,1,0,10339
10339,"Stage 3","2018/4/6 16:00",GLA,DAL,regular,8384,4,3,4,11,8,3,1,1,0,10339
10340,"Stage 3","2018/4/6 18:00",VAL,SHD,regular,8385,1,2,0,2,0,1,0,1,0,10340
10340,"Stage 3","2018/4/6 18:00",VAL,SHD,regular,8386,2,3,0,5,0,2,0,1,0,10340
10340,"Stage 3","2018/4/6 18:00",VAL,SHD,regular,8388,3,2,0,7,0,3,0,1,0,10340
10340,"Stage 3","2018/4/6 18:00",VAL,SHD,regular,8389,4,3,1,10,1,4,0,1,0,10340
10341,"Stage 3","2018/4/6 20:00",SEO,SFS,regular,8392,1,2,1,2,1,1,0,1,0,10341
10341,"Stage 3","2018/4/6 20:00",SEO,SFS,regular,8393,2,4,3,6,4,2,0,1,0,10341
10341,"Stage 3","2018/4/6 20:00",SEO,SFS,regular,8394,3,2,1,8,5,3,0,1,0,10341
10341,"Stage 3","2018/4/6 20:00",SEO,SFS,regular,8395,4,5,4,13,9,4,0,1,0,10341
10342,"Stage 3","2018/4/7 13:00",FLA,PHI,regular,8397,1,0,1,0,1,0,1,0,1,10342
10342,"Stage 3","2018/4/7 13:00",FLA,PHI,regular,8399,2,1,2,1,3,0,2,0,1,10342
10342,"Stage 3","2018/4/7 13:00",FLA,PHI,regular,8400,3,1,2,2,5,0,3,0,1,10342
10342,"Stage 3","2018/4/7 13:00",FLA,PHI,regular,8402,4,3,2,5,7,1,3,0,1,10342
10343,"Stage 3","2018/4/7 14:40",HOU,BOS,regular,8409,1,1,2,1,2,0,1,0,1,10343
10343,"Stage 3","2018/4/7 14:40",HOU,BOS,regular,8411,2,2,3,3,5,0,2,0,1,10343
10343,"Stage 3","2018/4/7 14:40",HOU,BOS,regular,8412,3,0,2,3,7,0,3,0,1,10343
10343,"Stage 3","2018/4/7 14:40",HOU,BOS,regular,8414,4,1,2,4,9,0,4,0,1,10343
10344,"Stage 3","2018/4/7 16:30",NYE,LDN,regular,8417,1,3,2,3,2,1,0,1,0,10344
10344,"Stage 3","2018/4/7 16:30",NYE,LDN,regular,8418,2,1,0,4,2,2,0,1,0,10344
10344,"Stage 3","2018/4/7 16:30",NYE,LDN,regular,8419,3,2,1,6,3,3,0,1,0,10344
10344,"Stage 3","2018/4/7 16:30",NYE,LDN,regular,8420,4,3,2,9,5,4,0,1,0,10344
10443,"Stage 4","2018/5/16 16:00",GLA,SFS,regular,,1,,,,,0,0,0,0,10443
10444,"Stage 4","2018/5/16 18:00",SEO,VAL,regular,,1,,,,,0,0,0,0,10444
10445,"Stage 4","2018/5/16 20:00",DAL,SHD,regular,,1,,,,,0,0,0,0,10445
10446,"Stage 4","2018/5/17 16:00",BOS,PHI,regular,,1,,,,,0,0,0,0,10446
10447,"Stage 4","2018/5/17 18:00",NYE,FLA,regular,,1,,,,,0,0,0,0,10447
10448,"Stage 4","2018/5/17 20:00",HOU,LDN,regular,,1,,,,,0,0,0,0,10448
10449,"Stage 4","2018/5/18 16:00",DAL,GLA,regular,,1,,,,,0,0,0,0,10449
10450,"Stage 4","2018/5/18 18:00",BOS,HOU,regular,,1,,,,,0,0,0,0,10450
10451,"Stage 4","2018/5/18 20:00",SFS,SEO,regular,,1,,,,,0,0,0,0,10451
10452,"Stage 4","2018/5/19 13:00",PHI,FLA,regular,,1,,,,,0,0,0,0,10452
10453,"Stage 4","2018/5/19 15:00",SHD,VAL,regular,,1,,,,,0,0,0,0,10453
10454,"Stage 4","2018/5/19 17:00",LDN,NYE,regular,,1,,,,,0,0,0,0,10454
10588,"Stage 3","2018/5/2 16:00",PHI,DAL,regular,,1,,,,,0,0,0,0,10588
10589,"Stage 3","2018/5/2 18:00",FLA,GLA,regular,,1,,,,,0,0,0,0,10589
10590,"Stage 3","2018/5/2 20:00",HOU,SFS,regular,,1,,,,,0,0,0,0,10590
10455,"Stage 4","2018/5/23 16:00",BOS,DAL,regular,,1,,,,,0,0,0,0,10455
10456,"Stage 4","2018/5/23 18:00",FLA,VAL,regular,,1,,,,,0,0,0,0,10456
10457,"Stage 4","2018/5/23 20:00",HOU,GLA,regular,,1,,,,,0,0,0,0,10457
10458,"Stage 4","2018/5/24 16:00",LDN,SFS,regular,,1,,,,,0,0,0,0,10458
10459,"Stage 4","2018/5/24 18:00",GLA,FLA,regular,,1,,,,,0,0,0,0,10459
10460,"Stage 4","2018/5/24 20:00",PHI,SHD,regular,,1,,,,,0,0,0,0,10460
10461,"Stage 4","2018/5/25 16:00",VAL,BOS,regular,,1,,,,,0,0,0,0,10461
10462,"Stage 4","2018/5/25 18:00",NYE,SEO,regular,,1,,,,,0,0,0,0,10462
10463,"Stage 4","2018/5/25 20:00",SFS,HOU,regular,,1,,,,,0,0,0,0,10463
10464,"Stage 4","2018/5/26 13:00",SEO,LDN,regular,,1,,,,,0,0,0,0,10464
10465,"Stage 4","2018/5/26 15:00",SHD,NYE,regular,,1,,,,,0,0,0,0,10465
10466,"Stage 4","2018/5/26 17:00",DAL,PHI,regular,,1,,,,,0,0,0,0,10466
10591,"Stage 3","2018/5/3 16:00",SFS,FLA,regular,,1,,,,,0,0,0,0,10591
10592,"Stage 3","2018/5/3 18:00",BOS,VAL,regular,,1,,,,,0,0,0,0,10592
10593,"Stage 3","2018/5/3 20:00",DAL,NYE,regular,,1,,,,,0,0,0,0,10593
10467,"Stage 4","2018/5/30 16:00",NYE,PHI,regular,,1,,,,,0,0,0,0,10467
10468,"Stage 4","2018/5/30 18:00",SEO,SHD,regular,,1,,,,,0,0,0,0,10468
10469,"Stage 4","2018/5/30 20:00",VAL,GLA,regular,,1,,,,,0,0,0,0,10469
10470,"Stage 4","2018/5/31 16:00",LDN,BOS,regular,,1,,,,,0,0,0,0,10470
10471,"Stage 4","2018/5/31 18:00",SFS,DAL,regular,,1,,,,,0,0,0,0,10471
10472,"Stage 4","2018/5/31 20:00",PHI,GLA,regular,,1,,,,,0,0,0,0,10472
10594,"Stage 3","2018/5/4 16:00",GLA,BOS,regular,,1,,,,,0,0,0,0,10594
10595,"Stage 3","2018/5/4 18:00",NYE,SHD,regular,,1,,,,,0,0,0,0,10595
10596,"Stage 3","2018/5/4 20:00",LDN,SEO,regular,,1,,,,,0,0,0,0,10596
10597,"Stage 3","2018/5/5 13:00",SHD,LDN,regular,,1,,,,,0,0,0,0,10597
10598,"Stage 3","2018/5/5 15:00",SEO,HOU,regular,,1,,,,,0,0,0,0,10598
10599,"Stage 3","2018/5/5 17:00",VAL,PHI,regular,,1,,,,,0,0,0,0,10599
10473,"Stage 4","2018/6/1 16:00",HOU,SHD,regular,,1,,,,,0,0,0,0,10473
10474,"Stage 4","2018/6/1 18:00",FLA,SEO,regular,,1,,,,,0,0,0,0,10474
10475,"Stage 4","2018/6/1 20:00",BOS,SFS,regular,,1,,,,,0,0,0,0,10475
10621,"Stage 4","2018/6/13 16:00",GLA,SHD,regular,,1,,,,,0,0,0,0,10621
10622,"Stage 4","2018/6/13 18:00",VAL,SFS,regular,,1,,,,,0,0,0,0,10622
10623,"Stage 4","2018/6/13 20:00",SEO,DAL,regular,,1,,,,,0,0,0,0,10623
10624,"Stage 4","2018/6/14 16:00",HOU,PHI,regular,,1,,,,,0,0,0,0,10624
10625,"Stage 4","2018/6/14 18:00",FLA,LDN,regular,,1,,,,,0,0,0,0,10625
10626,"Stage 4","2018/6/14 20:00",NYE,BOS,regular,,1,,,,,0,0,0,0,10626
10627,"Stage 4","2018/6/15 16:00",HOU,NYE,regular,,1,,,,,0,0,0,0,10627
10628,"Stage 4","2018/6/15 18:00",GLA,SEO,regular,,1,,,,,0,0,0,0,10628
10629,"Stage 4","2018/6/15 20:00",DAL,VAL,regular,,1,,,,,0,0,0,0,10629
10630,"Stage 4","2018/6/16 13:00",PHI,LDN,regular,,1,,,,,0,0,0,0,10630
10631,"Stage 4","2018/6/16 15:00",SHD,SFS,regular,,1,,,,,0,0,0,0,10631
10632,"Stage 4","2018/6/16 17:00",BOS,FLA,regular,,1,,,,,0,0,0,0,10632
10476,"Stage 4","2018/6/2 13:00",LDN,DAL,regular,,1,,,,,0,0,0,0,10476
10477,"Stage 4","2018/6/2 15:00",NYE,VAL,regular,,1,,,,,0,0,0,0,10477
10478,"Stage 4","2018/6/2 17:00",FLA,HOU,regular,,1,,,,,0,0,0,0,10478
10479,"Stage 4","2018/6/6 16:00",SEO,BOS,regular,,1,,,,,0,0,0,0,10479
10480,"Stage 4","2018/6/6 18:00",SHD,FLA,regular,,1,,,,,0,0,0,0,10480
10481,"Stage 4","2018/6/6 20:00",DAL,HOU,regular,,1,,,,,0,0,0,0,10481
10482,"Stage 4","2018/6/7 16:00",VAL,LDN,regular,,1,,,,,0,0,0,0,10482
10483,"Stage 4","2018/6/7 18:00",GLA,NYE,regular,,1,,,,,0,0,0,0,10483
10484,"Stage 4","2018/6/7 20:00",SFS,PHI,regular,,1,,,,,0,0,0,0,10484
10485,"Stage 4","2018/6/8 16:00",BOS,SHD,regular,,1,,,,,0,0,0,0,10485
10486,"Stage 4","2018/6/8 18:00",FLA,DAL,regular,,1,,,,,0,0,0,0,10486
10487,"Stage 4","2018/6/8 20:00",PHI,SEO,regular,,1,,,,,0,0,0,0,10487
10488,"Stage 4","2018/6/9 13:00",LDN,GLA,regular,,1,,,,,0,0,0,0,10488
10489,"Stage 4","2018/6/9 15:00",NYE,SFS,regular,,1,,,,,0,0,0,0,10489
10490,"Stage 4","2018/6/9 17:00",HOU,VAL,regular,,1,,,,,0,0,0,0,10490
